x_m,y_m
3.004000,-7.186000
3.054000,-7.236000
3.104000,-7.236000
3.154000,-7.236000
3.204000,-7.236000
3.254000,-7.236000
3.304000,-7.236000
3.354000,-7.236000
3.404000,-7.236000
3.454000,-7.236000
3.504000,-7.236000
3.554000,-7.236000
3.604000,-7.236000
3.654000,-7.236000
3.704000,-7.236000
3.754000,-7.236000
3.804000,-7.236000
3.854000,-7.236000
3.904000,-7.236000
3.954000,-7.236000
4.004000,-7.236000
4.054000,-7.236000
4.104000,-7.236000
4.154000,-7.236000
4.204000,-7.236000
4.254000,-7.236000
4.304000,-7.236000
4.354000,-7.236000
4.404000,-7.236000
4.454000,-7.236000
4.504000,-7.236000
4.554000,-7.236000
4.604000,-7.236000
4.654000,-7.236000
4.704000,-7.236000
4.754000,-7.236000
4.804000,-7.236000
4.854000,-7.236000
4.904000,-7.236000
4.954000,-7.236000
5.004000,-7.236000
5.054000,-7.236000
5.104000,-7.236000
5.154000,-7.236000
5.204000,-7.236000
5.254000,-7.236000
5.304000,-7.236000
5.354000,-7.236000
5.404000,-7.236000
5.454000,-7.236000
5.504000,-7.236000
5.554000,-7.236000
5.604000,-7.236000
5.654000,-7.236000
5.704000,-7.186000
5.754000,-7.186000
5.804000,-7.186000
5.854000,-7.186000
5.904000,-7.186000
5.954000,-7.186000
6.004000,-7.186000
6.054000,-7.136000
6.104000,-7.136000
6.154000,-7.136000
6.204000,-7.136000
6.254000,-7.086000
6.304000,-7.086000
6.354000,-7.036000
6.404000,-6.986000
6.454000,-6.986000
6.504000,-6.936000
6.554000,-6.936000
6.604000,-6.886000
6.654000,-6.886000
6.704000,-6.836000
6.754000,-6.836000
6.804000,-6.786000
6.854000,-6.786000
6.904000,-6.736000
6.954000,-6.736000
7.004000,-6.686000
7.004000,-6.636000
7.054000,-6.636000
7.104000,-6.586000
7.154000,-6.586000
7.204000,-6.536000
7.254000,-6.486000
7.304000,-6.436000
7.354000,-6.386000
7.404000,-6.336000
7.454000,-6.286000
7.504000,-6.236000
7.554000,-6.186000
7.604000,-6.136000
7.654000,-6.086000
7.704000,-6.036000
7.754000,-5.986000
7.804000,-5.936000
7.804000,-5.886000
7.854000,-5.836000
7.904000,-5.786000
7.954000,-5.736000
7.954000,-5.686000
8.004000,-5.636000
8.054000,-5.586000
8.104000,-5.536000
8.104000,-5.486000
8.154000,-5.436000
8.204000,-5.386000
8.204000,-5.336000
8.254000,-5.286000
8.254000,-5.236000
8.304000,-5.186000
8.304000,-5.136000
8.354000,-5.086000
8.404000,-5.036000
8.404000,-4.986000
8.404000,-4.936000
8.454000,-4.886000
8.454000,-4.836000
8.454000,-4.786000
8.504000,-4.736000
8.504000,-4.686000
8.504000,-4.636000
8.554000,-4.586000
8.554000,-4.536000
8.604000,-4.486000
8.604000,-4.436000
8.604000,-4.386000
8.604000,-4.336000
8.654000,-4.286000
8.654000,-4.236000
8.654000,-4.186000
8.704000,-4.136000
8.704000,-4.086000
8.704000,-4.036000
8.754000,-3.986000
8.754000,-3.936000
8.754000,-3.886000
8.754000,-3.836000
8.804000,-3.786000
8.854000,-3.736000
8.854000,-3.686000
8.854000,-3.636000
8.854000,-3.586000
8.854000,-3.536000
8.804000,-3.486000
8.754000,-3.486000
8.704000,-3.436000
8.654000,-3.436000
8.604000,-3.436000
8.554000,-3.486000
8.504000,-3.486000
8.454000,-3.536000
8.454000,-3.586000
8.454000,-3.636000
8.404000,-3.686000
8.404000,-3.736000
8.404000,-3.786000
8.354000,-3.836000
8.354000,-3.886000
8.354000,-3.936000
8.304000,-3.986000
8.304000,-4.036000
8.304000,-4.086000
8.254000,-4.136000
8.254000,-4.186000
8.254000,-4.236000
8.254000,-4.286000
8.204000,-4.336000
8.204000,-4.386000
8.204000,-4.436000
8.154000,-4.486000
8.154000,-4.536000
8.154000,-4.586000
8.104000,-4.636000
8.104000,-4.686000
8.054000,-4.736000
8.054000,-4.786000
8.004000,-4.836000
8.004000,-4.886000
8.004000,-4.936000
7.954000,-4.986000
7.904000,-5.036000
7.904000,-5.086000
7.854000,-5.136000
7.804000,-5.186000
7.804000,-5.236000
7.754000,-5.286000
7.704000,-5.336000
7.704000,-5.386000
7.654000,-5.436000
7.604000,-5.486000
7.604000,-5.536000
7.554000,-5.586000
7.504000,-5.636000
7.454000,-5.686000
7.454000,-5.736000
7.404000,-5.736000
7.354000,-5.786000
7.354000,-5.836000
7.304000,-5.836000
7.254000,-5.886000
7.204000,-5.936000
7.154000,-5.986000
7.104000,-5.986000
7.054000,-6.036000
7.004000,-6.086000
6.954000,-6.136000
6.904000,-6.136000
6.854000,-6.186000
6.804000,-6.186000
6.754000,-6.236000
6.704000,-6.286000
6.654000,-6.336000
6.604000,-6.336000
6.554000,-6.386000
6.504000,-6.436000
6.454000,-6.436000
6.404000,-6.486000
6.354000,-6.486000
6.304000,-6.536000
6.254000,-6.536000
6.204000,-6.586000
6.154000,-6.636000
6.104000,-6.636000
6.054000,-6.636000
6.004000,-6.636000
5.954000,-6.686000
5.904000,-6.686000
5.854000,-6.736000
5.804000,-6.736000
5.754000,-6.786000
5.704000,-6.786000
5.654000,-6.786000
5.604000,-6.786000
5.554000,-6.786000
5.504000,-6.786000
5.454000,-6.786000
5.404000,-6.786000
5.354000,-6.786000
5.304000,-6.786000
5.254000,-6.786000
5.204000,-6.786000
5.154000,-6.836000
5.104000,-6.836000
5.054000,-6.836000
5.004000,-6.836000
4.954000,-6.836000
4.904000,-6.836000
4.854000,-6.836000
4.804000,-6.836000
4.754000,-6.836000
4.704000,-6.836000
4.654000,-6.836000
4.604000,-6.836000
4.554000,-6.836000
4.504000,-6.786000
4.454000,-6.786000
4.404000,-6.786000
4.354000,-6.786000
4.304000,-6.786000
4.254000,-6.786000
4.204000,-6.786000
4.154000,-6.786000
4.104000,-6.786000
4.054000,-6.786000
4.004000,-6.786000
3.954000,-6.786000
3.904000,-6.786000
3.854000,-6.786000
3.854000,-6.736000
3.854000,-6.686000
3.854000,-6.636000
3.854000,-6.586000
3.854000,-6.536000
3.804000,-6.486000
3.804000,-6.436000
3.754000,-6.386000
3.704000,-6.336000
3.704000,-6.286000
3.654000,-6.236000
3.604000,-6.186000
3.554000,-6.136000
3.504000,-6.086000
3.454000,-6.036000
3.404000,-5.986000
3.354000,-5.936000
3.304000,-5.886000
3.254000,-5.836000
3.204000,-5.786000
3.154000,-5.736000
3.104000,-5.686000
3.054000,-5.636000
3.004000,-5.586000
2.954000,-5.536000
2.904000,-5.486000
2.854000,-5.486000
2.804000,-5.436000
2.754000,-5.386000
2.704000,-5.386000
2.654000,-5.336000
2.604000,-5.286000
2.554000,-5.286000
2.504000,-5.286000
2.454000,-5.236000
2.404000,-5.186000
2.354000,-5.186000
2.304000,-5.136000
2.254000,-5.136000
2.204000,-5.136000
2.154000,-5.086000
2.104000,-5.086000
2.054000,-5.036000
2.004000,-5.036000
1.954000,-5.036000
1.904000,-5.036000
1.854000,-5.036000
1.804000,-5.036000
1.754000,-5.036000
1.704000,-5.036000
1.654000,-5.036000
1.604000,-5.036000
1.554000,-5.036000
1.504000,-5.036000
1.454000,-5.036000
1.404000,-5.036000
1.354000,-5.036000
1.304000,-5.086000
1.254000,-5.086000
1.204000,-5.086000
1.154000,-5.086000
1.104000,-5.136000
1.054000,-5.136000
1.004000,-5.136000
0.954000,-5.136000
0.904000,-5.136000
0.854000,-5.186000
0.804000,-5.186000
0.754000,-5.236000
0.704000,-5.236000
0.654000,-5.286000
0.604000,-5.286000
0.554000,-5.336000
0.504000,-5.336000
0.454000,-5.386000
0.404000,-5.386000
0.354000,-5.436000
0.304000,-5.486000
0.254000,-5.486000
0.204000,-5.486000
0.154000,-5.486000
0.104000,-5.486000
0.054000,-5.486000
0.004000,-5.486000
-0.046000,-5.486000
-0.096000,-5.486000
-0.096000,-5.436000
-0.096000,-5.386000
-0.096000,-5.336000
-0.096000,-5.286000
-0.096000,-5.236000
-0.146000,-5.186000
-0.196000,-5.136000
-0.246000,-5.136000
-0.296000,-5.186000
-0.346000,-5.186000
-0.396000,-5.236000
-0.396000,-5.286000
-0.446000,-5.336000
-0.446000,-5.386000
-0.446000,-5.436000
-0.496000,-5.486000
-0.496000,-5.536000
-0.496000,-5.586000
-0.496000,-5.636000
-0.546000,-5.686000
-0.546000,-5.736000
-0.596000,-5.736000
-0.646000,-5.736000
-0.696000,-5.736000
-0.746000,-5.736000
-0.796000,-5.736000
-0.846000,-5.736000
-0.896000,-5.736000
-0.946000,-5.736000
-0.996000,-5.686000
-1.046000,-5.686000
-1.096000,-5.636000
-1.146000,-5.636000
-1.196000,-5.586000
-1.246000,-5.586000
-1.296000,-5.536000
-1.346000,-5.536000
-1.396000,-5.486000
-1.446000,-5.486000
-1.496000,-5.436000
-1.546000,-5.386000
-1.596000,-5.386000
-1.646000,-5.336000
-1.696000,-5.336000
-1.746000,-5.286000
-1.796000,-5.236000
-1.846000,-5.236000
-1.896000,-5.186000
-1.946000,-5.136000
-1.996000,-5.086000
-2.046000,-5.086000
-2.096000,-5.036000
-2.146000,-4.986000
-2.196000,-4.936000
-2.246000,-4.936000
-2.296000,-4.886000
-2.346000,-4.836000
-2.396000,-4.836000
-2.446000,-4.786000
-2.496000,-4.736000
-2.546000,-4.686000
-2.596000,-4.686000
-2.646000,-4.636000
-2.696000,-4.586000
-2.746000,-4.586000
-2.796000,-4.536000
-2.846000,-4.486000
-2.896000,-4.436000
-2.946000,-4.436000
-2.996000,-4.386000
-3.046000,-4.336000
-3.096000,-4.286000
-3.146000,-4.236000
-3.196000,-4.186000
-3.246000,-4.186000
-3.296000,-4.136000
-3.346000,-4.086000
-3.396000,-4.036000
-3.446000,-3.986000
-3.496000,-3.986000
-3.546000,-3.936000
-3.596000,-3.886000
-3.646000,-3.836000
-3.696000,-3.786000
-3.746000,-3.786000
-3.796000,-3.736000
-3.846000,-3.686000
-3.896000,-3.636000
-3.946000,-3.586000
-3.996000,-3.586000
-3.996000,-3.536000
-4.046000,-3.486000
-4.096000,-3.486000
-4.146000,-3.436000
-4.196000,-3.436000
-4.196000,-3.386000
-4.246000,-3.336000
-4.296000,-3.336000
-4.346000,-3.286000
-4.396000,-3.236000
-4.446000,-3.186000
-4.496000,-3.136000
-4.546000,-3.086000
-4.596000,-3.036000
-4.646000,-2.986000
-4.696000,-2.936000
-4.696000,-2.886000
-4.746000,-2.836000
-4.796000,-2.786000
-4.796000,-2.736000
-4.846000,-2.686000
-4.846000,-2.636000
-4.896000,-2.586000
-4.946000,-2.536000
-4.946000,-2.486000
-4.996000,-2.436000
-4.996000,-2.386000
-5.046000,-2.336000
-5.046000,-2.286000
-5.096000,-2.236000
-5.096000,-2.186000
-5.146000,-2.136000
-5.146000,-2.086000
-5.196000,-2.036000
-5.196000,-1.986000
-5.196000,-1.936000
-5.246000,-1.886000
-5.246000,-1.836000
-5.246000,-1.786000
-5.296000,-1.736000
-5.296000,-1.686000
-5.296000,-1.636000
-5.346000,-1.586000
-5.346000,-1.536000
-5.346000,-1.486000
-5.346000,-1.436000
-5.346000,-1.386000
-5.346000,-1.336000
-5.396000,-1.286000
-5.396000,-1.236000
-5.396000,-1.186000
-5.396000,-1.136000
-5.396000,-1.086000
-5.396000,-1.036000
-5.396000,-0.986000
-5.396000,-0.936000
-5.396000,-0.886000
-5.396000,-0.836000
-5.396000,-0.786000
-5.396000,-0.736000
-5.396000,-0.686000
-5.446000,-0.636000
-5.446000,-0.586000
-5.446000,-0.536000
-5.446000,-0.486000
-5.446000,-0.436000
-5.446000,-0.386000
-5.446000,-0.336000
-5.446000,-0.286000
-5.446000,-0.236000
-5.446000,-0.186000
-5.446000,-0.136000
-5.446000,-0.086000
-5.446000,-0.036000
-5.446000,0.014000
-5.446000,0.064000
-5.446000,0.114000
-5.446000,0.164000
-5.446000,0.214000
-5.446000,0.264000
-5.446000,0.314000
-5.446000,0.364000
-5.446000,0.414000
-5.446000,0.464000
-5.446000,0.514000
-5.446000,0.564000
-5.446000,0.614000
-5.446000,0.664000
-5.446000,0.714000
-5.446000,0.764000
-5.446000,0.814000
-5.446000,0.864000
-5.446000,0.914000
-5.446000,0.964000
-5.396000,0.964000
-5.346000,0.964000
-5.296000,0.964000
-5.246000,0.964000
-5.196000,0.964000
-5.146000,0.964000
-5.096000,0.964000
-5.046000,0.964000
-4.996000,0.964000
-4.946000,0.964000
-4.896000,0.964000
-4.846000,0.964000
-4.796000,0.964000
-4.746000,0.964000
-4.696000,0.964000
-4.646000,0.964000
-4.596000,0.964000
-4.546000,0.964000
-4.496000,0.964000
-4.446000,0.914000
-4.396000,0.914000
-4.346000,0.914000
-4.296000,0.914000
-4.246000,0.914000
-4.196000,0.914000
-4.146000,0.914000
-4.096000,0.914000
-4.046000,0.864000
-3.996000,0.864000
-3.946000,0.864000
-3.896000,0.864000
-3.846000,0.864000
-3.796000,0.864000
-3.746000,0.864000
-3.696000,0.864000
-3.646000,0.814000
-3.596000,0.814000
-3.546000,0.814000
-3.496000,0.814000
-3.446000,0.814000
-3.396000,0.814000
-3.346000,0.814000
-3.296000,0.814000
-3.246000,0.814000
-3.196000,0.814000
-3.146000,0.814000
-3.096000,0.814000
-3.046000,0.814000
-2.996000,0.814000
-2.946000,0.814000
-2.896000,0.814000
-2.846000,0.814000
-2.796000,0.814000
-2.746000,0.814000
-2.696000,0.814000
-2.646000,0.814000
-2.596000,0.814000
-2.546000,0.814000
-2.496000,0.814000
-2.446000,0.814000
-2.396000,0.814000
-2.346000,0.814000
-2.296000,0.814000
-2.246000,0.814000
-2.196000,0.814000
-2.146000,0.814000
-2.096000,0.814000
-2.046000,0.814000
-1.996000,0.764000
-1.946000,0.764000
-1.896000,0.764000
-1.846000,0.764000
-1.796000,0.764000
-1.746000,0.764000
-1.696000,0.764000
-1.646000,0.764000
-1.596000,0.764000
-1.546000,0.764000
-1.496000,0.764000
-1.446000,0.714000
-1.396000,0.714000
-1.346000,0.714000
-1.296000,0.714000
-1.246000,0.714000
-1.196000,0.714000
-1.146000,0.714000
-1.096000,0.714000
-1.046000,0.714000
-0.996000,0.714000
-0.946000,0.664000
-0.896000,0.664000
-0.846000,0.664000
-0.796000,0.664000
-0.746000,0.664000
-0.696000,0.664000
-0.646000,0.664000
-0.596000,0.664000
-0.546000,0.664000
-0.496000,0.664000
-0.446000,0.664000
-0.396000,0.614000
-0.346000,0.614000
-0.346000,0.564000
-0.346000,0.514000
-0.346000,0.464000
-0.296000,0.414000
-0.246000,0.364000
-0.196000,0.314000
-0.146000,0.314000
-0.096000,0.364000
-0.046000,0.364000
0.004000,0.414000
0.054000,0.464000
0.054000,0.514000
0.054000,0.564000
0.104000,0.614000
0.154000,0.614000
0.204000,0.614000
0.254000,0.614000
0.304000,0.614000
0.354000,0.614000
0.404000,0.614000
0.454000,0.614000
0.504000,0.614000
0.554000,0.614000
0.604000,0.614000
0.654000,0.614000
0.704000,0.614000
0.754000,0.614000
0.804000,0.614000
0.854000,0.614000
0.904000,0.614000
0.954000,0.614000
1.004000,0.614000
1.054000,0.614000
1.104000,0.614000
1.154000,0.614000
1.204000,0.564000
1.254000,0.564000
1.304000,0.564000
1.354000,0.564000
1.404000,0.564000
1.454000,0.564000
1.504000,0.564000
1.554000,0.564000
1.604000,0.564000
1.654000,0.564000
1.704000,0.564000
1.754000,0.564000
1.804000,0.564000
1.854000,0.564000
1.904000,0.564000
1.954000,0.514000
2.004000,0.514000
2.054000,0.514000
2.104000,0.514000
2.154000,0.514000
2.204000,0.514000
2.254000,0.514000
2.304000,0.514000
2.354000,0.514000
2.404000,0.514000
2.454000,0.514000
2.504000,0.514000
2.554000,0.514000
2.604000,0.514000
2.654000,0.514000
2.704000,0.514000
2.754000,0.464000
2.804000,0.464000
2.854000,0.464000
2.904000,0.464000
2.954000,0.464000
3.004000,0.464000
3.054000,0.464000
3.104000,0.464000
3.154000,0.464000
3.204000,0.464000
3.254000,0.464000
3.304000,0.464000
3.354000,0.464000
3.404000,0.464000
3.454000,0.464000
3.504000,0.414000
3.554000,0.414000
3.604000,0.414000
3.654000,0.414000
3.704000,0.414000
3.754000,0.414000
3.804000,0.414000
3.854000,0.414000
3.904000,0.414000
3.954000,0.414000
4.004000,0.414000
4.054000,0.414000
4.104000,0.414000
4.154000,0.414000
4.204000,0.414000
4.254000,0.364000
4.304000,0.364000
4.354000,0.364000
4.404000,0.364000
4.454000,0.364000
4.504000,0.364000
4.554000,0.364000
4.604000,0.364000
4.654000,0.364000
4.704000,0.364000
4.754000,0.364000
4.804000,0.364000
4.854000,0.364000
4.904000,0.364000
4.954000,0.314000
5.004000,0.314000
5.054000,0.314000
5.054000,0.264000
5.054000,0.214000
5.054000,0.164000
5.054000,0.114000
5.054000,0.064000
5.054000,0.014000
5.054000,-0.036000
5.054000,-0.086000
5.104000,-0.136000
5.154000,-0.186000
5.204000,-0.186000
5.254000,-0.186000
5.304000,-0.186000
5.354000,-0.136000
5.404000,-0.136000
5.454000,-0.086000
5.454000,-0.036000
5.454000,0.014000
5.454000,0.064000
5.454000,0.114000
5.454000,0.164000
5.454000,0.214000
5.454000,0.264000
5.504000,0.264000
5.554000,0.264000
5.604000,0.264000
5.654000,0.264000
5.704000,0.264000
5.754000,0.264000
5.804000,0.264000
5.854000,0.264000
5.904000,0.214000
5.954000,0.214000
6.004000,0.214000
6.054000,0.214000
6.104000,0.214000
6.154000,0.214000
6.204000,0.214000
6.254000,0.214000
6.304000,0.214000
6.354000,0.214000
6.404000,0.214000
6.454000,0.214000
6.504000,0.214000
6.554000,0.164000
6.604000,0.164000
6.654000,0.164000
6.704000,0.164000
6.754000,0.164000
6.804000,0.164000
6.854000,0.164000
6.904000,0.164000
6.954000,0.164000
7.004000,0.164000
7.054000,0.164000
7.104000,0.164000
7.154000,0.164000
7.204000,0.114000
7.254000,0.114000
7.304000,0.114000
7.354000,0.114000
7.404000,0.114000
7.454000,0.114000
7.504000,0.114000
7.554000,0.114000
7.604000,0.114000
7.654000,0.114000
7.704000,0.114000
7.754000,0.114000
7.804000,0.114000
7.854000,0.064000
7.904000,0.064000
7.954000,0.064000
8.004000,0.064000
8.054000,0.064000
8.104000,0.064000
8.154000,0.064000
8.204000,0.064000
8.254000,0.064000
8.304000,0.064000
8.354000,0.064000
8.404000,0.064000
8.454000,0.064000
8.504000,0.064000
8.554000,0.064000
8.604000,0.064000
8.654000,0.064000
8.704000,0.014000
8.754000,0.014000
8.804000,0.014000
8.854000,0.014000
8.904000,0.014000
8.954000,0.014000
9.004000,0.014000
9.054000,0.014000
9.104000,0.014000
9.154000,0.014000
9.204000,0.014000
9.254000,0.014000
9.304000,0.014000
9.354000,0.014000
9.404000,0.014000
9.454000,0.014000
9.504000,0.014000
9.554000,0.014000
9.604000,0.014000
9.654000,-0.036000
9.704000,-0.036000
9.754000,-0.036000
9.804000,-0.036000
9.854000,0.014000
9.904000,0.064000
9.954000,0.114000
9.954000,0.164000
9.954000,0.214000
9.954000,0.264000
9.954000,0.314000
9.904000,0.364000
9.854000,0.364000
9.804000,0.364000
9.754000,0.364000
9.704000,0.364000
9.654000,0.364000
9.604000,0.364000
9.554000,0.364000
9.504000,0.414000
9.454000,0.414000
9.404000,0.414000
9.354000,0.414000
9.304000,0.414000
9.254000,0.414000
9.204000,0.414000
9.154000,0.414000
9.104000,0.414000
9.054000,0.414000
9.004000,0.414000
8.954000,0.414000
8.904000,0.414000
8.854000,0.414000
8.804000,0.414000
8.754000,0.464000
8.704000,0.464000
8.654000,0.464000
8.604000,0.464000
8.554000,0.464000
8.504000,0.464000
8.454000,0.464000
8.404000,0.464000
8.354000,0.464000
8.304000,0.464000
8.254000,0.464000
8.204000,0.464000
8.154000,0.464000
8.104000,0.464000
8.054000,0.464000
8.004000,0.464000
7.954000,0.514000
7.904000,0.514000
7.854000,0.514000
7.804000,0.514000
7.754000,0.514000
7.704000,0.514000
7.654000,0.514000
7.604000,0.514000
7.554000,0.514000
7.504000,0.514000
7.454000,0.514000
7.404000,0.514000
7.354000,0.514000
7.304000,0.514000
7.254000,0.564000
7.204000,0.564000
7.154000,0.564000
7.104000,0.564000
7.054000,0.564000
7.004000,0.564000
6.954000,0.564000
6.904000,0.564000
6.854000,0.564000
6.804000,0.564000
6.754000,0.564000
6.704000,0.564000
6.654000,0.564000
6.604000,0.564000
6.554000,0.564000
6.504000,0.564000
6.454000,0.564000
6.404000,0.564000
6.354000,0.564000
6.304000,0.564000
6.254000,0.614000
6.204000,0.614000
6.154000,0.614000
6.104000,0.614000
6.054000,0.614000
6.004000,0.614000
5.954000,0.614000
5.904000,0.614000
5.854000,0.614000
5.804000,0.614000
5.754000,0.614000
5.704000,0.614000
5.654000,0.614000
5.604000,0.614000
5.554000,0.614000
5.554000,0.664000
5.554000,0.714000
5.554000,0.764000
5.554000,0.814000
5.554000,0.864000
5.554000,0.914000
5.554000,0.964000
5.554000,1.014000
5.504000,1.064000
5.454000,1.064000
5.404000,1.064000
5.354000,1.064000
5.304000,1.064000
5.254000,1.064000
5.204000,1.014000
5.154000,0.964000
5.154000,0.914000
5.104000,0.864000
5.104000,0.814000
5.104000,0.764000
5.104000,0.714000
5.054000,0.714000
5.004000,0.714000
4.954000,0.714000
4.904000,0.714000
4.854000,0.714000
4.804000,0.714000
4.754000,0.714000
4.704000,0.714000
4.654000,0.764000
4.604000,0.764000
4.554000,0.764000
4.504000,0.764000
4.454000,0.764000
4.404000,0.764000
4.354000,0.764000
4.304000,0.764000
4.254000,0.764000
4.204000,0.764000
4.154000,0.764000
4.104000,0.764000
4.054000,0.764000
4.004000,0.764000
3.954000,0.764000
3.904000,0.764000
3.854000,0.764000
3.804000,0.764000
3.754000,0.764000
3.704000,0.764000
3.654000,0.764000
3.604000,0.764000
3.554000,0.764000
3.504000,0.764000
3.454000,0.764000
3.404000,0.814000
3.354000,0.814000
3.304000,0.814000
3.254000,0.814000
3.204000,0.814000
3.154000,0.814000
3.104000,0.814000
3.054000,0.814000
3.004000,0.814000
2.954000,0.814000
2.904000,0.814000
2.854000,0.814000
2.804000,0.814000
2.754000,0.864000
2.704000,0.864000
2.654000,0.864000
2.604000,0.864000
2.554000,0.864000
2.504000,0.864000
2.454000,0.864000
2.404000,0.864000
2.354000,0.864000
2.304000,0.864000
2.254000,0.864000
2.204000,0.864000
2.154000,0.864000
2.104000,0.864000
2.054000,0.864000
2.004000,0.864000
1.954000,0.864000
1.904000,0.864000
1.854000,0.864000
1.804000,0.914000
1.754000,0.914000
1.704000,0.914000
1.654000,0.914000
1.604000,0.914000
1.554000,0.914000
1.504000,0.914000
1.454000,0.914000
1.404000,0.914000
1.354000,0.914000
1.304000,0.914000
1.254000,0.914000
1.204000,0.914000
1.154000,0.914000
1.104000,0.914000
1.054000,0.914000
1.004000,0.914000
0.954000,0.914000
0.904000,0.914000
0.854000,0.914000
0.804000,0.964000
0.754000,0.964000
0.704000,0.964000
0.654000,0.964000
0.604000,0.964000
0.554000,0.964000
0.504000,0.964000
0.454000,0.964000
0.404000,0.964000
0.354000,0.964000
0.304000,0.964000
0.254000,0.964000
0.204000,1.014000
0.204000,1.064000
0.204000,1.114000
0.204000,1.164000
0.204000,1.214000
0.204000,1.264000
0.204000,1.314000
0.154000,1.364000
0.104000,1.414000
0.054000,1.414000
0.004000,1.464000
-0.046000,1.414000
-0.096000,1.414000
-0.146000,1.414000
-0.196000,1.364000
-0.246000,1.314000
-0.246000,1.264000
-0.246000,1.214000
-0.246000,1.164000
-0.246000,1.114000
-0.246000,1.064000
-0.246000,1.014000
-0.296000,0.964000
-0.346000,0.964000
-0.396000,0.964000
-0.446000,0.964000
-0.496000,0.964000
-0.546000,0.964000
-0.596000,0.964000
-0.646000,0.964000
-0.696000,0.964000
-0.746000,1.014000
-0.796000,1.014000
-0.846000,1.014000
-0.896000,1.014000
-0.946000,1.014000
-0.996000,1.014000
-1.046000,1.014000
-1.096000,1.064000
-1.146000,1.064000
-1.196000,1.064000
-1.246000,1.064000
-1.296000,1.064000
-1.346000,1.064000
-1.396000,1.064000
-1.446000,1.064000
-1.496000,1.064000
-1.546000,1.064000
-1.596000,1.064000
-1.646000,1.064000
-1.696000,1.064000
-1.746000,1.064000
-1.796000,1.064000
-1.846000,1.064000
-1.896000,1.064000
-1.946000,1.064000
-1.996000,1.064000
-2.046000,1.064000
-2.096000,1.064000
-2.146000,1.064000
-2.196000,1.064000
-2.246000,1.064000
-2.296000,1.064000
-2.346000,1.064000
-2.396000,1.064000
-2.446000,1.064000
-2.496000,1.064000
-2.546000,1.064000
-2.596000,1.064000
-2.646000,1.064000
-2.696000,1.114000
-2.746000,1.114000
-2.796000,1.114000
-2.846000,1.114000
-2.896000,1.114000
-2.946000,1.114000
-2.996000,1.114000
-3.046000,1.114000
-3.096000,1.114000
-3.146000,1.114000
-3.196000,1.164000
-3.246000,1.164000
-3.296000,1.164000
-3.346000,1.164000
-3.396000,1.164000
-3.446000,1.164000
-3.496000,1.164000
-3.546000,1.164000
-3.596000,1.164000
-3.646000,1.164000
-3.696000,1.214000
-3.746000,1.214000
-3.796000,1.214000
-3.846000,1.214000
-3.896000,1.214000
-3.946000,1.214000
-3.996000,1.214000
-4.046000,1.214000
-4.096000,1.214000
-4.146000,1.214000
-4.196000,1.214000
-4.246000,1.214000
-4.296000,1.214000
-4.346000,1.214000
-4.396000,1.214000
-4.446000,1.214000
-4.496000,1.214000
-4.546000,1.214000
-4.596000,1.214000
-4.646000,1.214000
-4.696000,1.264000
-4.746000,1.264000
-4.796000,1.264000
-4.846000,1.264000
-4.896000,1.264000
-4.946000,1.264000
-4.996000,1.264000
-5.046000,1.264000
-5.096000,1.264000
-5.146000,1.264000
-5.196000,1.264000
-5.246000,1.264000
-5.296000,1.264000
-5.346000,1.264000
-5.396000,1.264000
-5.446000,1.264000
-5.496000,1.314000
-5.546000,1.314000
-5.596000,1.314000
-5.646000,1.314000
-5.696000,1.314000
-5.746000,1.264000
-5.796000,1.214000
-5.796000,1.164000
-5.846000,1.114000
-5.846000,1.064000
-5.846000,1.014000
-5.846000,0.964000
-5.846000,0.914000
-5.896000,0.864000
-5.896000,0.814000
-5.896000,0.764000
-5.896000,0.714000
-5.896000,0.664000
-5.896000,0.614000
-5.896000,0.564000
-5.896000,0.514000
-5.896000,0.464000
-5.896000,0.414000
-5.896000,0.364000
-5.896000,0.314000
-5.896000,0.264000
-5.896000,0.214000
-5.896000,0.164000
-5.896000,0.114000
-5.896000,0.064000
-5.896000,0.014000
-5.896000,-0.036000
-5.896000,-0.086000
-5.896000,-0.136000
-5.896000,-0.186000
-5.896000,-0.236000
-5.896000,-0.286000
-5.896000,-0.336000
-5.896000,-0.386000
-5.896000,-0.436000
-5.896000,-0.486000
-5.896000,-0.536000
-5.896000,-0.586000
-5.896000,-0.636000
-5.896000,-0.686000
-5.896000,-0.736000
-5.896000,-0.786000
-5.896000,-0.836000
-5.896000,-0.886000
-5.896000,-0.936000
-5.896000,-0.986000
-5.896000,-1.036000
-5.896000,-1.086000
-5.896000,-1.136000
-5.896000,-1.186000
-5.896000,-1.236000
-5.896000,-1.286000
-5.846000,-1.336000
-5.846000,-1.386000
-5.846000,-1.436000
-5.846000,-1.486000
-5.846000,-1.536000
-5.796000,-1.586000
-5.796000,-1.636000
-5.796000,-1.686000
-5.796000,-1.736000
-5.796000,-1.786000
-5.746000,-1.836000
-5.746000,-1.886000
-5.746000,-1.936000
-5.696000,-1.986000
-5.696000,-2.036000
-5.696000,-2.086000
-5.646000,-2.136000
-5.646000,-2.186000
-5.646000,-2.236000
-5.596000,-2.286000
-5.596000,-2.336000
-5.546000,-2.386000
-5.546000,-2.436000
-5.496000,-2.486000
-5.496000,-2.536000
-5.496000,-2.586000
-5.446000,-2.636000
-5.396000,-2.686000
-5.396000,-2.736000
-5.346000,-2.786000
-5.346000,-2.836000
-5.296000,-2.886000
-5.246000,-2.936000
-5.246000,-2.986000
-5.196000,-3.036000
-5.196000,-3.086000
-5.146000,-3.136000
-5.146000,-3.186000
-5.096000,-3.236000
-5.096000,-3.286000
-5.046000,-3.336000
-4.996000,-3.386000
-4.946000,-3.436000
-4.896000,-3.486000
-4.846000,-3.536000
-4.796000,-3.536000
-4.746000,-3.586000
-4.696000,-3.636000
-4.646000,-3.686000
-4.596000,-3.736000
-4.546000,-3.786000
-4.496000,-3.836000
-4.446000,-3.836000
-4.396000,-3.886000
-4.346000,-3.936000
-4.296000,-3.986000
-4.246000,-4.036000
-4.196000,-4.086000
-4.146000,-4.086000
-4.096000,-4.136000
-4.046000,-4.186000
-3.996000,-4.236000
-3.946000,-4.236000
-3.896000,-4.286000
-3.846000,-4.336000
-3.796000,-4.386000
-3.746000,-4.386000
-3.696000,-4.436000
-3.646000,-4.486000
-3.596000,-4.536000
-3.546000,-4.586000
-3.496000,-4.586000
-3.446000,-4.636000
-3.396000,-4.686000
-3.346000,-4.736000
-3.296000,-4.786000
-3.246000,-4.786000
-3.196000,-4.836000
-3.146000,-4.886000
-3.096000,-4.936000
-3.046000,-4.936000
-2.996000,-4.986000
-2.946000,-5.036000
-2.896000,-5.086000
-2.846000,-5.086000
-2.796000,-5.136000
-2.746000,-5.186000
-2.696000,-5.186000
-2.646000,-5.236000
-2.596000,-5.286000
-2.546000,-5.336000
-2.496000,-5.336000
-2.446000,-5.386000
-2.396000,-5.436000
-2.346000,-5.486000
-2.296000,-5.486000
-2.246000,-5.536000
-2.196000,-5.586000
-2.146000,-5.586000
-2.096000,-5.636000
-2.046000,-5.686000
-1.996000,-5.686000
-1.946000,-5.736000
-1.896000,-5.786000
-1.846000,-5.786000
-1.796000,-5.836000
-1.746000,-5.836000
-1.696000,-5.886000
-1.646000,-5.886000
-1.596000,-5.936000
-1.546000,-5.986000
-1.496000,-5.986000
-1.446000,-6.036000
-1.396000,-6.036000
-1.346000,-6.086000
-1.296000,-6.086000
-1.246000,-6.136000
-1.196000,-6.136000
-1.146000,-6.186000
-1.096000,-6.186000
-1.046000,-6.236000
-0.996000,-6.236000
-0.946000,-6.236000
-0.896000,-6.286000
-0.846000,-6.286000
-0.796000,-6.286000
-0.746000,-6.286000
-0.696000,-6.286000
-0.646000,-6.336000
-0.596000,-6.336000
-0.596000,-6.386000
-0.596000,-6.436000
-0.596000,-6.486000
-0.596000,-6.536000
-0.596000,-6.586000
-0.596000,-6.636000
-0.596000,-6.686000
-0.596000,-6.736000
-0.596000,-6.786000
-0.596000,-6.836000
-0.546000,-6.886000
-0.546000,-6.936000
-0.496000,-6.986000
-0.446000,-6.986000
-0.396000,-6.986000
-0.346000,-6.986000
-0.296000,-6.936000
-0.246000,-6.886000
-0.246000,-6.836000
-0.196000,-6.786000
-0.196000,-6.736000
-0.196000,-6.686000
-0.146000,-6.686000
-0.096000,-6.686000
-0.046000,-6.686000
0.004000,-6.686000
0.054000,-6.686000
0.104000,-6.686000
0.154000,-6.686000
0.204000,-6.686000
0.254000,-6.686000
0.304000,-6.686000
0.354000,-6.686000
0.404000,-6.686000
0.454000,-6.686000
0.504000,-6.736000
0.554000,-6.736000
0.604000,-6.736000
0.654000,-6.736000
0.704000,-6.736000
0.754000,-6.786000
0.804000,-6.786000
0.854000,-6.786000
0.904000,-6.786000
0.954000,-6.786000
1.004000,-6.836000
1.054000,-6.836000
1.104000,-6.836000
1.154000,-6.836000
1.204000,-6.836000
1.254000,-6.836000
1.304000,-6.836000
1.354000,-6.886000
1.404000,-6.886000
1.454000,-6.886000
1.504000,-6.886000
1.554000,-6.886000
1.604000,-6.886000
1.654000,-6.936000
1.704000,-6.936000
1.754000,-6.936000
1.804000,-6.936000
1.854000,-6.936000
1.904000,-6.936000
1.954000,-6.986000
2.004000,-6.986000
2.054000,-6.986000
2.104000,-6.986000
2.154000,-6.986000
2.204000,-7.036000
2.254000,-7.036000
2.304000,-7.036000
2.354000,-7.086000
2.404000,-7.086000
2.454000,-7.086000
2.504000,-7.086000
2.554000,-7.136000
2.604000,-7.136000
2.654000,-7.136000
2.704000,-7.136000
2.754000,-7.186000
2.804000,-7.186000
2.854000,-7.186000
2.904000,-7.186000
2.954000,-7.186000
