x_m,y_m,w_tr_right_m,w_tr_left_m
4.704000,-7.866070,0.3602,0.1595
4.754000,-7.868917,0.3525,0.1595
4.804000,-7.871498,0.3509,0.1595
4.854000,-7.874684,0.3432,0.1595
4.904000,-7.877493,0.3309,0.1595
4.954000,-7.880798,0.2930,0.1595
5.004000,-7.883620,0.2883,0.1595
5.054000,-7.886835,0.2853,0.1604
5.104000,-7.889467,0.2848,0.1610
5.154000,-7.892394,0.2627,0.1671
5.204000,-7.894643,0.2540,0.1697
5.254000,-7.897096,0.2525,0.1752
5.304000,-7.899652,0.2485,0.1840
5.354000,-7.901344,0.2400,0.1998
5.404000,-7.903059,0.2354,0.2180
5.454000,-7.903832,0.2181,0.2384
5.504000,-7.904553,0.2126,0.2429
5.554000,-7.905130,0.2057,0.2717
5.604000,-7.905475,0.1840,0.2859
5.654000,-7.906485,0.1745,0.2925
5.704000,-7.907210,0.1712,0.3169
5.754000,-7.906703,0.1653,0.3259
5.804000,-7.905869,0.1634,0.3289
5.854000,-7.904635,0.1607,0.3329
5.904000,-7.902928,0.1500,0.3380
5.954000,-7.900679,0.1500,0.3444
6.004000,-7.897822,0.1500,0.3520
6.054000,-7.894293,0.1500,0.3610
6.104000,-7.890031,0.1500,0.3714
6.154000,-7.884979,0.1500,0.3832
6.204000,-7.879081,0.1500,0.3965
6.254000,-7.872285,0.1500,0.4062
6.304000,-7.864542,0.1500,0.4153
6.354000,-7.855806,0.1500,0.4256
6.404000,-7.846031,0.1500,0.4371
6.454000,-7.835178,0.1500,0.4449
6.504870,-7.823208,0.1500,0.4484
6.555629,-7.810087,0.1500,0.4534
6.606279,-7.795781,0.1500,0.4565
6.656823,-7.780260,0.1500,0.4572
6.707263,-7.763499,0.1500,0.4572
6.757604,-7.745473,0.1500,0.4572
6.808717,-7.727145,0.1500,0.4572
6.859624,-7.707630,0.1500,0.4572
6.910331,-7.686914,0.1500,0.4572
6.961713,-7.664989,0.1500,0.4572
7.012794,-7.641847,0.1500,0.4572
7.063583,-7.617484,0.1500,0.4572
7.114088,-7.591898,0.1500,0.4547
7.164318,-7.565091,0.1500,0.4510
7.215150,-7.537067,0.1500,0.4484
7.265613,-7.507833,0.1500,0.4465
7.316588,-7.477399,0.1500,0.4458
7.367103,-7.445778,0.1500,0.4366
7.418044,-7.412985,0.1500,0.4247
7.468442,-7.379038,0.1500,0.4077
7.518315,-7.343960,0.1500,0.3952
7.568550,-7.307773,0.1500,0.3870
7.619053,-7.270504,0.1500,0.3767
7.668860,-7.232184,0.1500,0.3550
7.717995,-7.192845,0.1500,0.3390
7.767351,-7.152522,0.1500,0.3289
7.816838,-7.111252,0.1500,0.3191
7.866371,-7.069078,0.1500,0.3061
7.914996,-7.026043,0.1500,0.2940
7.963614,-6.982193,0.1500,0.2833
8.011275,-6.937579,0.1500,0.2704
8.058012,-6.892251,0.1500,0.2620
8.104730,-6.846266,0.1500,0.2576
8.151350,-6.799681,0.1528,0.2504
8.196929,-6.752556,0.1588,0.2436
8.242375,-6.704956,0.2184,0.2403
8.287616,-6.656947,0.2332,0.2375
8.332584,-6.608598,0.2506,0.2317
8.376341,-6.558996,0.2758,0.2262
8.419807,-6.509084,0.2911,0.2251
8.462917,-6.458936,0.3203,0.2251
8.505611,-6.408631,0.3311,0.2251
8.547830,-6.358248,0.3554,0.2251
8.588650,-6.307871,0.3664,0.2251
8.629000,-6.257586,0.3664,0.2251
8.668828,-6.206497,0.3664,0.2251
8.708085,-6.155564,0.3664,0.2251
8.746723,-6.104879,0.3664,0.2278
8.784699,-6.053551,0.3664,0.2309
8.821972,-6.002545,0.3664,0.2350
8.858504,-5.950975,0.3554,0.2395
8.894260,-5.899807,0.3510,0.2450
8.929207,-5.848157,0.3462,0.2502
8.962445,-5.796997,0.3389,0.2540
8.994929,-5.745444,0.3335,0.2561
9.026633,-5.694472,0.3282,0.2578
9.057532,-5.643201,0.3229,0.2611
9.087605,-5.591624,0.3188,0.2639
9.116834,-5.540717,0.3147,0.2676
9.145204,-5.489604,0.2740,0.2689
9.173571,-5.439263,0.2587,0.2714
9.200944,-5.388823,0.2429,0.2795
9.227320,-5.338279,0.2388,0.2847
9.253566,-5.287629,0.2366,0.2914
9.278702,-5.236870,0.2352,0.3036
9.302736,-5.186000,0.2286,0.3089
9.326547,-5.136000,0.2226,0.3155
9.349166,-5.086000,0.2199,0.3317
9.370613,-5.036000,0.2173,0.3356
9.391777,-4.986000,0.2152,0.3356
9.412572,-4.936000,0.2113,0.3358
9.432916,-4.886000,0.2095,0.3365
9.452732,-4.835130,0.2060,0.3372
9.471951,-4.784371,0.2054,0.3382
9.490506,-4.732851,0.1893,0.3392
9.508338,-4.681549,0.1706,0.3402
9.525394,-4.629588,0.1586,0.3402
9.541627,-4.577075,0.1500,0.3402
9.556993,-4.524112,0.1500,0.3402
9.571455,-4.470800,0.1500,0.3402
9.584984,-4.418107,0.1500,0.3439
9.596568,-4.365145,0.1500,0.3470
9.607055,-4.312010,0.1500,0.3470
9.616429,-4.258792,0.1500,0.3470
9.624678,-4.205580,0.1500,0.3470
9.631797,-4.153332,0.1500,0.3470
9.637785,-4.101149,0.1500,0.3470
9.641663,-4.049113,0.1500,0.3470
9.644311,-3.998177,0.1500,0.3470
9.645742,-3.947434,0.1500,0.3426
9.644992,-3.896965,0.1500,0.3305
9.642952,-3.846842,0.1500,0.3213
9.639653,-3.797138,0.1500,0.3131
9.635127,-3.747923,0.1500,0.3061
9.629414,-3.699262,0.1500,0.2983
9.621574,-3.650349,0.1500,0.2916
9.612526,-3.601357,0.1500,0.2851
9.601340,-3.552451,0.1500,0.2771
9.588940,-3.503794,0.1500,0.2668
9.574406,-3.455540,0.1500,0.2553
9.557802,-3.407839,0.1500,0.2474
9.540181,-3.360835,0.1500,0.2401
9.519760,-3.314666,0.1500,0.2315
9.496615,-3.269466,0.1500,0.2315
9.471801,-3.225361,0.1500,0.2315
9.445511,-3.182472,0.1500,0.2315
9.416954,-3.140916,0.1500,0.2315
9.386207,-3.100802,0.1500,0.2315
9.354221,-3.062236,0.1500,0.2315
9.321077,-3.025316,0.1500,0.2315
9.285990,-2.990134,0.1500,0.2324
9.250900,-2.956780,0.1500,0.2346
9.215026,-2.925334,0.1500,0.2395
9.177591,-2.895873,0.1500,0.2468
9.138690,-2.868467,0.1500,0.2539
9.100269,-2.843182,0.1500,0.2632
9.060573,-2.820077,0.1500,0.2766
9.019700,-2.799205,0.1500,0.2904
8.978621,-2.780614,0.1500,0.3050
8.937435,-2.764348,0.1500,0.3228
8.895379,-2.750441,0.1500,0.3422
8.853426,-2.738927,0.1500,0.3570
8.810699,-2.729829,0.1500,0.3700
8.767305,-2.723168,0.1500,0.3833
8.725207,-2.718958,0.1500,0.3985
8.682663,-2.717207,0.1500,0.4090
8.640655,-2.717919,0.1500,0.4090
8.598316,-2.721089,0.1500,0.4090
8.556631,-2.726711,0.1500,0.4090
8.514734,-2.734769,0.1500,0.4090
8.472744,-2.745245,0.1500,0.4090
8.431649,-2.758112,0.1500,0.4090
8.391457,-2.773339,0.1500,0.4090
8.351307,-2.790890,0.1500,0.4040
8.312309,-2.810723,0.1500,0.3997
8.274589,-2.832789,0.1500,0.3997
8.238162,-2.857035,0.1500,0.3997
8.202178,-2.883401,0.1500,0.3997
8.167638,-2.911823,0.1500,0.3997
8.133695,-2.942229,0.1500,0.3997
8.101353,-2.974545,0.1500,0.3997
8.069652,-3.008687,0.1500,0.3997
8.038616,-3.044568,0.1500,0.4001
8.009254,-3.082095,0.1500,0.4001
7.980607,-3.121169,0.1500,0.4001
7.952704,-3.161686,0.1500,0.4001
7.926555,-3.203535,0.1500,0.4001
7.901205,-3.246601,0.1500,0.4001
7.877554,-3.290762,0.1500,0.4001
7.855634,-3.335891,0.1500,0.4001
7.834497,-3.381856,0.1500,0.3982
7.814063,-3.428518,0.1500,0.3502
7.794253,-3.475732,0.1500,0.3154
7.774989,-3.524335,0.1500,0.2806
7.756190,-3.573303,0.1500,0.2348
7.737778,-3.623462,0.1500,0.1977
7.719674,-3.674652,0.1500,0.1772
7.701799,-3.726709,0.1500,0.1500
7.684074,-3.780450,0.1500,0.1500
7.666419,-3.834839,0.1500,0.1500
7.648755,-3.889821,0.1500,0.1500
7.631005,-3.945223,0.1500,0.1500
7.613087,-4.001741,0.1500,0.1500
7.594924,-4.059200,0.1500,0.1500
7.576436,-4.116554,0.1500,0.1500
7.557544,-4.174609,0.1500,0.1500
7.538169,-4.232204,0.1500,0.1500
7.518232,-4.290028,0.1500,0.1500
7.497654,-4.347029,0.1500,0.1500
7.476356,-4.403025,0.1500,0.1500
7.454259,-4.458699,0.2092,0.1500
7.431283,-4.513865,0.2460,0.1500
7.407350,-4.568336,0.2888,0.1500
7.382380,-4.621055,0.3378,0.1500
7.356295,-4.672818,0.3498,0.1500
7.329015,-4.723437,0.3498,0.1500
7.300462,-4.773705,0.3498,0.1500
7.270555,-4.823551,0.3498,0.1500
7.239217,-4.872907,0.3498,0.1500
7.206368,-4.920834,0.3498,0.1500
7.171928,-4.968252,0.3498,0.1500
7.136804,-5.015097,0.3498,0.1500
7.100049,-5.061309,0.3403,0.1500
7.062572,-5.106828,0.3326,0.1500
7.024412,-5.150731,0.3258,0.1500
6.985615,-5.193946,0.3217,0.1500
6.946226,-5.236422,0.3184,0.1500
6.906296,-5.278109,0.3159,0.1500
6.865875,-5.318959,0.3095,0.1500
6.824035,-5.358931,0.2959,0.1500
6.781702,-5.397982,0.2863,0.1500
6.738932,-5.436074,0.2777,0.1500
6.694803,-5.474043,0.2696,0.1500
6.650244,-5.510874,0.2619,0.1500
6.605320,-5.546540,0.2572,0.1500
6.560097,-5.581888,0.2536,0.1500
6.513659,-5.616784,0.2516,0.1500
6.466947,-5.651102,0.2516,0.1500
6.420031,-5.684720,0.2516,0.1500
6.372003,-5.717522,0.2516,0.1500
6.323807,-5.749399,0.2516,0.1500
6.275520,-5.780245,0.2516,0.1500
6.226240,-5.809962,0.2516,0.1500
6.176916,-5.838457,0.2516,0.1500
6.127632,-5.864772,0.2575,0.1500
6.077489,-5.889807,0.2633,0.1500
6.027445,-5.913482,0.2731,0.1500
5.976602,-5.934854,0.2827,0.1500
5.925920,-5.954838,0.2904,0.1500
5.874507,-5.973367,0.2995,0.1500
5.823325,-5.990383,0.3093,0.1500
5.772467,-6.005833,0.3207,0.1500
5.721048,-6.019667,0.3345,0.1500
5.669050,-6.031845,0.3491,0.1500
5.617440,-6.042328,0.3645,0.1500
5.566319,-6.051086,0.3827,0.1500
5.514805,-6.058094,0.4031,0.1500
5.462888,-6.063332,0.4244,0.1500
5.411540,-6.066785,0.4531,0.1500
5.359883,-6.067575,0.4818,0.1500
5.308892,-6.066681,0.4894,0.1500
5.257693,-6.064103,0.5004,0.1500
5.206279,-6.058977,0.5120,0.1500
5.155629,-6.052294,0.5221,0.1500
5.104870,-6.044071,0.5358,0.1500
5.054000,-6.033455,0.5536,0.1500
5.004000,-6.020585,0.5569,0.1500
4.954000,-6.006470,0.5569,0.1500
4.904000,-5.991141,0.5569,0.1500
4.854000,-5.973764,0.5569,0.1500
4.804000,-5.955365,0.5569,0.1500
4.754000,-5.935987,0.5569,0.1500
4.704000,-5.914812,0.5569,0.1500
4.654000,-5.892878,0.5569,0.1500
4.604000,-5.870244,0.5528,0.1500
4.554000,-5.846105,0.5485,0.1500
4.504000,-5.820643,0.5303,0.1500
4.454000,-5.793059,0.5181,0.1500
4.404000,-5.765277,0.5085,0.1500
4.354000,-5.735520,0.4962,0.1500
4.304000,-5.704848,0.4901,0.1500
4.254000,-5.673455,0.4830,0.1500
4.204000,-5.640553,0.4769,0.1500
4.154000,-5.607093,0.4722,0.1500
4.104000,-5.572175,0.4524,0.1500
4.054000,-5.536870,0.4363,0.1500
4.004000,-5.500393,0.3899,0.1500
3.954000,-5.463704,0.3664,0.1500
3.904000,-5.425908,0.3370,0.1500
3.854000,-5.388080,0.3031,0.1500
3.804000,-5.349442,0.2643,0.1500
3.754000,-5.310959,0.2574,0.1500
3.704000,-5.271741,0.2004,0.1500
3.654000,-5.231885,0.1884,0.1500
3.604000,-5.192472,0.1647,0.1500
3.554000,-5.152729,0.1500,0.1500
3.504000,-5.111886,0.1500,0.1500
3.454000,-5.071023,0.1500,0.1500
3.404000,-5.030237,0.1500,0.1500
3.354000,-4.989623,0.1500,0.1500
3.304000,-4.950261,0.1500,0.1500
3.254000,-4.911381,0.1500,0.1500
3.204000,-4.872212,0.1500,0.1500
3.154000,-4.833833,0.1500,0.1500
3.104000,-4.796341,0.1500,0.1500
3.054000,-4.760816,0.1500,0.1500
3.004000,-4.726488,0.1500,0.1500
2.954000,-4.693454,0.1500,0.1503
2.904000,-4.660944,0.1500,0.2070
2.854000,-4.630038,0.1500,0.2646
2.804000,-4.600832,0.1500,0.3155
2.754000,-4.573423,0.1500,0.3652
2.704000,-4.547035,0.1500,0.3689
2.654000,-4.521763,0.1500,0.3759
2.604000,-4.498567,0.1500,0.3785
2.554000,-4.477537,0.1500,0.3785
2.504000,-4.456909,0.1500,0.3785
2.454000,-4.437637,0.1500,0.3785
2.404000,-4.419690,0.1500,0.3785
2.354000,-4.402162,0.1500,0.3785
2.304000,-4.385996,0.1500,0.3785
2.254000,-4.371148,0.1500,0.3785
2.204000,-4.357573,0.1500,0.3781
2.154000,-4.345221,0.1500,0.3781
2.104000,-4.334038,0.1500,0.3781
2.054000,-4.324086,0.1500,0.3781
2.004000,-4.315419,0.1500,0.3781
1.954000,-4.307978,0.1500,0.3781
1.904000,-4.302684,0.1500,0.3757
1.854000,-4.298602,0.1500,0.3751
1.804000,-4.295666,0.1500,0.3749
1.754000,-4.293808,0.1500,0.3749
1.704000,-4.292955,0.1500,0.3749
1.654000,-4.293032,0.1500,0.3749
1.604000,-4.293091,0.1500,0.3749
1.554000,-4.294035,0.1500,0.3749
1.504000,-4.295776,0.1500,0.3656
1.454000,-4.298225,0.1500,0.3579
1.404000,-4.301291,0.1500,0.3519
1.354000,-4.304880,0.1500,0.3429
1.304000,-4.309878,0.1500,0.3345
1.254000,-4.315317,0.1500,0.3315
1.204000,-4.321098,0.1500,0.3263
1.154000,-4.328102,0.1500,0.3252
1.104000,-4.334485,0.1500,0.3242
1.054000,-4.341124,0.1500,0.3241
1.004000,-4.348021,0.1500,0.2947
0.954000,-4.356160,0.1500,0.2574
0.904000,-4.364558,0.1500,0.2228
0.854000,-4.373096,0.1500,0.1500
0.804000,-4.383510,0.1500,0.1500
0.754000,-4.393828,0.1500,0.1500
0.704000,-4.403929,0.1500,0.1500
0.654000,-4.414676,0.1500,0.1500
0.604000,-4.425945,0.1500,0.1500
0.554000,-4.436630,0.1500,0.1500
0.504000,-4.447588,0.1500,0.1500
0.454000,-4.459679,0.1500,0.1500
0.404000,-4.471910,0.1500,0.1500
0.354000,-4.483288,0.1856,0.1500
0.304000,-4.494671,0.2061,0.1500
0.254000,-4.506919,0.2523,0.1500
0.204000,-4.519038,0.2764,0.1500
0.154000,-4.531021,0.2955,0.1500
0.104000,-4.542743,0.3743,0.1500
0.054000,-4.554083,0.3836,0.1500
0.004000,-4.565902,0.3941,0.1500
-0.046000,-4.577210,0.3990,0.1500
-0.096000,-4.587886,0.4006,0.1500
-0.146000,-4.598682,0.4012,0.1500
-0.196000,-4.609479,0.4022,0.1500
-0.246000,-4.619293,0.4022,0.1500
-0.296000,-4.628010,0.4022,0.1500
-0.346000,-4.636386,0.4022,0.1500
-0.396000,-4.643438,0.4022,0.1500
-0.446000,-4.650040,0.4022,0.1500
-0.496870,-4.656083,0.4022,0.1500
-0.547629,-4.662446,0.4022,0.1500
-0.598279,-4.668159,0.3999,0.1500
-0.648823,-4.673123,0.3980,0.1500
-0.699263,-4.677244,0.3972,0.1500
-0.749604,-4.680431,0.3966,0.1500
-0.799847,-4.682595,0.3959,0.1500
-0.849996,-4.684633,0.3957,0.1500
-0.900052,-4.684725,0.3928,0.1500
-0.950020,-4.683776,0.3785,0.1500
-1.000772,-4.681707,0.3643,0.1500
-1.051329,-4.678443,0.3499,0.1500
-1.101697,-4.673913,0.3409,0.1500
-1.151881,-4.669033,0.3329,0.1500
-1.201887,-4.662867,0.3209,0.1500
-1.251721,-4.655356,0.3096,0.1500
-1.301388,-4.646441,0.3029,0.1500
-1.351765,-4.637053,0.2976,0.1500
-1.401874,-4.626271,0.2898,0.1500
-1.451726,-4.614049,0.2829,0.1500
-1.501327,-4.600344,0.2788,0.1500
-1.550687,-4.586098,0.2764,0.1500
-1.600683,-4.570406,0.2732,0.1500
-1.650344,-4.553236,0.2663,0.1500
-1.700550,-4.535543,0.2611,0.1500
-1.750332,-4.516432,0.2506,0.1500
-1.799702,-4.495883,0.2401,0.1500
-1.848675,-4.473876,0.2309,0.1500
-1.898136,-4.450397,0.2208,0.1500
-1.947117,-4.425433,0.2132,0.1500
-1.995634,-4.399958,0.2073,0.1500
-2.043706,-4.373098,0.2013,0.1500
-2.092218,-4.344852,0.1968,0.1500
-2.140206,-4.315220,0.1926,0.1500
-2.187690,-4.284208,0.1898,0.1500
-2.234690,-4.251823,0.1885,0.1500
-2.282095,-4.218073,0.1884,0.1500
-2.328944,-4.182972,0.1861,0.1500
-2.376130,-4.146536,0.1777,0.1500
-2.422692,-4.109767,0.1707,0.1500
-2.469528,-4.071819,0.1615,0.1500
-2.515680,-4.032719,0.1531,0.1500
-2.562047,-3.992497,0.1500,0.1500
-2.608545,-3.951185,0.1500,0.1500
-2.654225,-3.908818,0.1500,0.1500
-2.699989,-3.865435,0.1500,0.1500
-2.745761,-3.821076,0.1500,0.1500
-2.790595,-3.775786,0.1500,0.1500
-2.835401,-3.729611,0.1500,0.1500
-2.880108,-3.683584,0.1500,0.1500
-2.924645,-3.636891,0.1500,0.1500
-2.968076,-3.590575,0.1500,0.1500
-3.011320,-3.543828,0.1500,0.1500
-3.054313,-3.496717,0.1500,0.1500
-3.096994,-3.449311,0.1500,0.1500
-3.139305,-3.400697,0.1500,0.1500
-3.180322,-3.351819,0.1500,0.1500
-3.220972,-3.302750,0.1500,0.1500
-3.261206,-3.253568,0.1500,0.1500
-3.300972,-3.203370,0.1500,0.1500
-3.340224,-3.153106,0.1500,0.1500
-3.378049,-3.102859,0.1500,0.1500
-3.415387,-3.051730,0.1500,0.1500
-3.452197,-3.000677,0.1500,0.1500
-3.488441,-2.949788,0.1500,0.1500
-3.524083,-2.899155,0.1500,0.1500
-3.559092,-2.847888,0.1500,0.1500
-3.593438,-2.796951,0.1500,0.1500
-3.626223,-2.746443,0.1500,0.1500
-3.658405,-2.695478,0.1500,0.1500
-3.689961,-2.645028,0.1500,0.1500
-3.720869,-2.594211,0.1500,0.1500
-3.751111,-2.544000,0.1500,0.1500
-3.780671,-2.493516,0.1500,0.1500
-3.809536,-2.442751,0.1500,0.1638
-3.837697,-2.391697,0.1500,0.1903
-3.865147,-2.341329,0.1500,0.2005
-3.891881,-2.290772,0.1500,0.2017
-3.917897,-2.240020,0.1500,0.2038
-3.944069,-2.190052,0.1500,0.2038
-3.970287,-2.139996,0.1500,0.2038
-3.995467,-2.089847,0.1500,0.2038
-4.020379,-2.038734,0.1500,0.2038
-4.044929,-1.987635,0.1500,0.2017
-4.069032,-1.936544,0.1500,0.2017
-4.092604,-1.884586,0.1500,0.2017
-4.115569,-1.832737,0.1500,0.1946
-4.137857,-1.780117,0.1500,0.1533
-4.159403,-1.727702,0.1500,0.1506
-4.180147,-1.675592,0.1500,0.1500
-4.200036,-1.623892,0.1500,0.1500
-4.218038,-1.571720,0.1500,0.1500
-4.234976,-1.519177,0.1500,0.1500
-4.250812,-1.466359,0.1500,0.1500
-4.265513,-1.413362,0.1500,0.1500
-4.279048,-1.360277,0.1500,0.1500
-4.291397,-1.307193,0.1500,0.1500
-4.302542,-1.254196,0.1500,0.1500
-4.311487,-1.201369,0.1500,0.1500
-4.319093,-1.148794,0.1500,0.1500
-4.325359,-1.096548,0.1500,0.1500
-4.330287,-1.044705,0.1579,0.1500
-4.333885,-0.993338,0.1711,0.1500
-4.335183,-0.942516,0.1845,0.1500
-4.335068,-0.892304,0.1902,0.1500
-4.332578,-0.842768,0.1925,0.1500
-4.328609,-0.793967,0.1958,0.1500
-4.323192,-0.745959,0.2004,0.1500
-4.316363,-0.698799,0.2085,0.1500
-4.307180,-0.652541,0.2181,0.1500
-4.296559,-0.607232,0.2273,0.1500
-4.284550,-0.562920,0.2377,0.1500
-4.271211,-0.519649,0.2532,0.1500
-4.255617,-0.477458,0.2700,0.1500
-4.238706,-0.436388,0.2849,0.1500
-4.220547,-0.396472,0.3009,0.1500
-4.201216,-0.357744,0.3168,0.1500
-4.179811,-0.320232,0.3290,0.1500
-4.157287,-0.283964,0.3431,0.1500
-4.132749,-0.248964,0.3517,0.1500
-4.107162,-0.215253,0.3594,0.1500
-4.079638,-0.182850,0.3678,0.1500
-4.051151,-0.151769,0.3777,0.1500
-4.020823,-0.122024,0.3854,0.1500
-3.988649,-0.092754,0.3917,0.1500
-3.955613,-0.064948,0.4004,0.1500
-3.920849,-0.038608,0.4113,0.1500
-3.884364,-0.013732,0.4184,0.1500
-3.847152,0.009684,0.4209,0.1500
-3.808359,0.031648,0.4215,0.1500
-3.768003,0.052168,0.4217,0.1500
-3.726105,0.071259,0.4218,0.1500
-3.683674,0.088935,0.4218,0.1500
-3.639869,0.105214,0.4218,0.1500
-3.594723,0.120989,0.4218,0.1500
-3.548271,0.135300,0.4218,0.1500
-3.500552,0.148179,0.4218,0.1500
-3.452590,0.159657,0.4216,0.1500
-3.403562,0.169770,0.4215,0.1500
-3.353517,0.178556,0.4209,0.1500
-3.302509,0.186056,0.4164,0.1500
-3.250591,0.192314,0.4095,0.1500
-3.198807,0.197375,0.4040,0.1500
-3.146349,0.201290,0.3997,0.1500
-3.093284,0.204112,0.3986,0.1500
-3.039682,0.206764,0.3986,0.1500
-2.985614,0.208323,0.3986,0.1500
-2.931155,0.209724,0.3986,0.1500
-2.876383,0.210920,0.3986,0.1500
-2.822363,0.211003,0.3986,0.1500
-2.768310,0.210919,0.3986,0.1500
-2.714315,0.210638,0.3986,0.1500
-2.660467,0.209265,0.3986,0.1500
-2.606863,0.206891,0.3986,0.1500
-2.553600,0.203610,0.3986,0.1500
-2.500777,0.199520,0.3986,0.1500
-2.448499,0.194722,0.3986,0.1500
-2.396870,0.189319,0.3986,0.1500
-2.346000,0.183415,0.3986,0.1500
-2.296000,0.177121,0.3978,0.1500
-2.246000,0.170548,0.3904,0.1500
-2.196000,0.163810,0.3857,0.1500
-2.146000,0.157024,0.3601,0.1500
-2.096000,0.149325,0.3438,0.1500
-2.046000,0.141705,0.3341,0.1500
-1.996000,0.134285,0.3279,0.1500
-1.946000,0.126208,0.3255,0.1500
-1.896000,0.118468,0.3213,0.1500
-1.846000,0.110210,0.3192,0.1500
-1.796000,0.102432,0.3173,0.1500
-1.746000,0.094282,0.3161,0.1500
-1.696000,0.086760,0.3152,0.1500
-1.646000,0.079016,0.3120,0.1500
-1.596000,0.071071,0.2968,0.1500
-1.546000,0.062943,0.2821,0.1500
-1.496000,0.054653,0.2513,0.1500
-1.446000,0.045351,0.2277,0.1500
-1.396000,0.036037,0.2276,0.1500
-1.346000,0.026728,0.2124,0.1500
-1.296000,0.016572,0.2124,0.1500
-1.246000,0.006567,0.2124,0.1500
-1.196000,-0.003272,0.2124,0.1500
-1.146000,-0.012932,0.2124,0.1500
-1.096000,-0.022399,0.2124,0.1500
-1.046000,-0.031659,0.2124,0.1500
-0.996000,-0.040696,0.2124,0.1500
-0.946000,-0.049498,0.2144,0.1500
-0.896000,-0.057180,0.2391,0.1500
-0.846000,-0.064709,0.2451,0.1500
-0.796000,-0.072068,0.2516,0.1500
-0.746000,-0.079242,0.2586,0.1500
-0.696000,-0.086212,0.2659,0.1500
-0.646000,-0.092961,0.2736,0.1500
-0.596000,-0.099474,0.2816,0.1500
-0.546000,-0.105732,0.2816,0.1556
-0.496000,-0.111719,0.2816,0.1603
-0.446000,-0.116548,0.2816,0.1603
-0.396000,-0.121183,0.2816,0.1603
-0.346000,-0.125605,0.2816,0.1609
-0.296000,-0.129795,0.2842,0.1609
-0.246000,-0.133731,0.2842,0.1609
-0.196000,-0.137395,0.2842,0.1609
-0.146000,-0.140766,0.2775,0.1609
-0.096000,-0.143826,0.2746,0.1609
-0.046000,-0.146554,0.2706,0.1550
0.004000,-0.149914,0.2663,0.1532
0.054000,-0.153021,0.2641,0.1505
0.104000,-0.155856,0.2602,0.1500
0.154000,-0.158403,0.2541,0.1500
0.204000,-0.160645,0.2425,0.1500
0.254000,-0.161695,0.2365,0.1500
0.304000,-0.162518,0.2349,0.1500
0.354000,-0.163093,0.2347,0.1500
0.404000,-0.163402,0.2280,0.1500
0.454000,-0.163424,0.2264,0.1500
0.504000,-0.164124,0.2174,0.1500
0.554000,-0.164615,0.2168,0.1500
0.604000,-0.164881,0.2101,0.1500
0.654000,-0.164903,0.2064,0.1500
0.704000,-0.164665,0.2069,0.1500
0.754000,-0.164151,0.2069,0.1500
0.804000,-0.162473,0.2069,0.1500
0.854000,-0.160596,0.2069,0.1500
0.904000,-0.158500,0.2069,0.1500
0.954000,-0.156165,0.2069,0.1500
1.004000,-0.153572,0.2069,0.1500
1.054000,-0.151685,0.2069,0.1500
1.104000,-0.149617,0.2209,0.1500
1.154000,-0.148336,0.2549,0.1500
1.204000,-0.147943,0.2728,0.1500
1.254000,-0.147555,0.2923,0.1500
1.304000,-0.148145,0.3320,0.1500
1.354000,-0.149821,0.3572,0.1500
1.404000,-0.151706,0.3868,0.1500
1.454000,-0.153794,0.3928,0.1500
1.504000,-0.156079,0.3945,0.1500
1.554000,-0.157687,0.3967,0.1500
1.604000,-0.159592,0.4006,0.1500
1.654000,-0.161787,0.4066,0.1500
1.704000,-0.164263,0.4164,0.1500
1.754000,-0.167012,0.4262,0.1500
1.804000,-0.170024,0.4359,0.1500
1.854000,-0.173293,0.4455,0.1500
1.904000,-0.176808,0.4550,0.1500
1.954000,-0.180562,0.4628,0.1500
2.004000,-0.184546,0.4628,0.1500
2.054000,-0.188752,0.4628,0.1500
2.104000,-0.193171,0.4628,0.1500
2.154000,-0.197795,0.4628,0.1500
2.204000,-0.202615,0.4628,0.1500
2.254000,-0.206753,0.4628,0.1500
2.304000,-0.211181,0.4628,0.1500
2.354000,-0.215020,0.4594,0.1500
2.404000,-0.218367,0.4424,0.1500
2.454000,-0.221322,0.4424,0.1500
2.504000,-0.223979,0.4424,0.1500
2.554000,-0.226430,0.4424,0.1500
2.604000,-0.228648,0.4424,0.1500
2.654000,-0.230606,0.4424,0.1500
2.704000,-0.233258,0.4424,0.1500
2.754000,-0.235587,0.4424,0.1500
2.804000,-0.238431,0.4410,0.1500
2.854000,-0.241754,0.4410,0.1500
2.904000,-0.245524,0.4410,0.1500
2.954000,-0.249706,0.4410,0.1500
3.004000,-0.254267,0.4410,0.1500
3.054000,-0.259172,0.4410,0.1500
3.104000,-0.264388,0.4410,0.1500
3.154000,-0.270865,0.4092,0.1500
3.204000,-0.277702,0.3892,0.1500
3.254000,-0.284868,0.3772,0.1500
3.304000,-0.292333,0.3667,0.1500
3.354000,-0.300064,0.3577,0.1500
3.404000,-0.308030,0.3499,0.1500
3.454000,-0.316202,0.3435,0.1500
3.504000,-0.324547,0.3382,0.1500
3.554000,-0.333035,0.3092,0.1500
3.604000,-0.342619,0.2753,0.1500
3.654000,-0.352401,0.2587,0.1500
3.704000,-0.362352,0.2555,0.1500
3.754000,-0.372445,0.2448,0.1500
3.804000,-0.381780,0.2431,0.1500
3.854000,-0.391312,0.2334,0.1500
3.904000,-0.401878,0.2145,0.1500
3.954000,-0.412468,0.2142,0.1500
4.004000,-0.423052,0.1895,0.1500
4.054000,-0.434472,0.1500,0.1500
4.104000,-0.446588,0.1500,0.1500
4.154000,-0.459264,0.1500,0.1500
4.204000,-0.471496,0.1500,0.1500
4.254000,-0.483262,0.1500,0.1500
4.304000,-0.495529,0.1500,0.1500
4.354000,-0.507409,0.1500,0.1500
4.404000,-0.518885,0.1500,0.1500
4.454000,-0.529940,0.1500,0.1500
4.504000,-0.539687,0.1701,0.1500
4.554000,-0.549091,0.1772,0.1500
4.604000,-0.558133,0.1828,0.1500
4.654000,-0.566791,0.1894,0.1500
4.704000,-0.575047,0.1942,0.1500
4.754000,-0.582881,0.1973,0.1500
4.804000,-0.590273,0.1974,0.1500
4.854000,-0.598188,0.2063,0.1500
4.904000,-0.605738,0.2081,0.1553
4.954000,-0.612907,0.2223,0.1695
5.004000,-0.619678,0.2367,0.1847
5.054000,-0.626034,0.2367,0.2009
5.104000,-0.631957,0.2367,0.2409
5.154000,-0.636561,0.2367,0.2781
5.204000,-0.640811,0.2367,0.2793
5.254000,-0.644687,0.2367,0.2799
5.304000,-0.648169,0.2367,0.2799
5.354000,-0.651237,0.2367,0.2799
5.404000,-0.653871,0.2279,0.2799
5.454000,-0.656052,0.2230,0.2799
5.504000,-0.657760,0.2224,0.2799
5.554000,-0.658976,0.2223,0.2799
5.604000,-0.660663,0.2115,0.2793
5.654000,-0.661935,0.2092,0.2648
5.704000,-0.662775,0.1943,0.2488
5.754000,-0.663166,0.1784,0.2327
5.804000,-0.663091,0.1605,0.2145
5.854000,-0.662533,0.1500,0.1769
5.904000,-0.660604,0.1500,0.1500
5.954000,-0.658271,0.1500,0.1500
6.004000,-0.655513,0.1500,0.1500
6.054000,-0.652309,0.1500,0.1500
6.104000,-0.648642,0.1500,0.1500
6.154000,-0.644489,0.1500,0.1500
6.204000,-0.639833,0.1500,0.1500
6.254000,-0.634653,0.1500,0.1500
6.304000,-0.629913,0.1500,0.1500
6.354000,-0.624728,0.1500,0.1500
6.404000,-0.620064,0.1500,0.1500
6.454000,-0.616021,0.1500,0.1500
6.504000,-0.612703,0.1500,0.1500
6.554000,-0.609346,0.2117,0.1500
6.604000,-0.607039,0.2419,0.1500
6.654000,-0.604908,0.2702,0.1500
6.704000,-0.603930,0.2993,0.1500
6.754000,-0.603234,0.3109,0.1500
6.804000,-0.602816,0.3222,0.1556
6.854000,-0.602673,0.3331,0.1664
6.904000,-0.602802,0.3427,0.1699
6.954000,-0.603202,0.3525,0.1730
7.004000,-0.603868,0.3625,0.1757
7.054000,-0.604798,0.3726,0.1782
7.104000,-0.605990,0.3828,0.1803
7.154000,-0.607440,0.4265,0.1803
7.204000,-0.609145,0.4265,0.1803
7.254000,-0.611104,0.4265,0.1803
7.304000,-0.614182,0.4265,0.1803
7.354000,-0.617396,0.4265,0.1803
7.404000,-0.620745,0.4265,0.1803
7.454000,-0.624231,0.4265,0.1803
7.504000,-0.627851,0.4265,0.1723
7.554000,-0.632478,0.4232,0.1636
7.604000,-0.637128,0.4176,0.1631
7.654000,-0.641805,0.4118,0.1625
7.704000,-0.646512,0.3889,0.1528
7.754000,-0.652122,0.3672,0.1528
7.804000,-0.657655,0.3454,0.1528
7.854000,-0.664102,0.3201,0.1528
7.904000,-0.670601,0.3137,0.1528
7.954000,-0.677047,0.3115,0.1528
8.004000,-0.683333,0.2952,0.1528
8.054000,-0.689468,0.2834,0.1528
8.104000,-0.695347,0.2830,0.1590
8.154000,-0.699877,0.2600,0.1872
8.204000,-0.703822,0.2232,0.1889
8.254000,-0.707942,0.2059,0.1895
8.304000,-0.712131,0.1670,0.1929
8.354000,-0.716287,0.1500,0.1933
8.404870,-0.720309,0.1500,0.2013
8.456499,-0.724100,0.1500,0.2063
8.507907,-0.727565,0.1500,0.2077
8.559971,-0.731596,0.1500,0.2116
8.612585,-0.735238,0.1500,0.2234
8.665645,-0.738408,0.1500,0.2386
8.719051,-0.741024,0.1500,0.2452
8.772706,-0.743009,0.1500,0.2452
8.825646,-0.744288,0.1500,0.2452
8.878759,-0.744790,0.1500,0.2452
8.931954,-0.744444,0.1500,0.2452
8.985143,-0.743186,0.1500,0.2452
9.038238,-0.740950,0.1500,0.2452
9.090287,-0.737677,0.1500,0.2452
9.142192,-0.733308,0.1500,0.2288
9.193870,-0.727789,0.1500,0.2189
9.245245,-0.722051,0.1500,0.2101
9.296242,-0.715178,0.1500,0.1958
9.346789,-0.707126,0.1500,0.1819
9.396816,-0.697855,0.1500,0.1677
9.445388,-0.687326,0.1500,0.1539
9.493422,-0.675503,0.1500,0.1500
9.540854,-0.662355,0.1500,0.1500
9.587625,-0.647851,0.1500,0.1500
9.633675,-0.631966,0.1500,0.1500
9.678951,-0.614674,0.1500,0.1500
9.724269,-0.595954,0.1500,0.1500
9.769470,-0.575789,0.1500,0.1500
9.814397,-0.553293,0.1500,0.1500
9.858901,-0.528564,0.1500,0.1500
9.902838,-0.502571,0.1500,0.1500
9.946069,-0.475417,0.1500,0.1500
9.988462,-0.446335,0.1500,0.1500
10.029890,-0.415430,0.1500,0.1500
10.070231,-0.382806,0.1500,0.1500
10.109370,-0.348568,0.1500,0.1500
10.147196,-0.312821,0.1500,0.1500
10.183604,-0.275669,0.1500,0.1500
10.218497,-0.237216,0.1500,0.1500
10.251780,-0.197567,0.1500,0.1500
10.283367,-0.156827,0.1500,0.1500
10.313175,-0.115099,0.1500,0.1500
10.341128,-0.072489,0.1500,0.1500
10.367155,-0.029101,0.1500,0.1500
10.391192,0.013976,0.1500,0.1500
10.413179,0.057505,0.1500,0.1500
10.433062,0.100509,0.1500,0.1500
10.450794,0.143861,0.1500,0.1500
10.466332,0.187452,0.1500,0.1556
10.479640,0.231172,0.1500,0.1832
10.490686,0.274909,0.1500,0.2026
10.499445,0.318555,0.1500,0.2236
10.505896,0.362000,0.1500,0.2468
10.510027,0.405132,0.1500,0.2723
10.511829,0.447841,0.1500,0.3000
10.511298,0.490019,0.1500,0.3157
10.508438,0.531554,0.1500,0.3278
10.503257,0.572336,0.1500,0.3415
10.495769,0.612255,0.1500,0.3552
10.485994,0.652187,0.1500,0.3683
10.473958,0.691152,0.1500,0.3832
10.459691,0.729044,0.1500,0.4006
10.443229,0.764885,0.1500,0.4191
10.424617,0.799550,0.1500,0.4355
10.403901,0.833913,0.1500,0.4524
10.381135,0.866997,0.1500,0.4719
10.356379,0.898693,0.1500,0.4719
10.329697,0.928896,0.1500,0.4719
10.301160,0.958483,0.1500,0.4719
10.270844,0.986477,0.1500,0.4719
10.238832,1.012776,0.1500,0.4719
10.205210,1.037274,0.1500,0.4719
10.170072,1.060852,0.1500,0.4719
10.133517,1.082538,0.1500,0.4635
10.095650,1.102229,0.1500,0.4558
10.056579,1.120810,0.1500,0.4496
10.016422,1.137311,0.1500,0.4432
9.975300,1.151747,0.1500,0.4390
9.933340,1.165118,0.1500,0.4370
9.890674,1.177444,0.1500,0.4361
9.847440,1.188745,0.1500,0.4232
9.802800,1.199044,0.1500,0.4020
9.756784,1.208370,0.1500,0.3846
9.710413,1.216751,0.1500,0.3693
9.662857,1.224220,0.1500,0.3549
9.614161,1.230813,0.1500,0.3425
9.564370,1.236567,0.1500,0.3298
9.513535,1.241524,0.1500,0.2971
9.461708,1.245726,0.1500,0.2693
9.409927,1.249222,0.1500,0.2447
9.357385,1.252060,0.1500,0.1949
9.304143,1.254292,0.1500,0.1627
9.250269,1.255974,0.1500,0.1500
9.195833,1.257163,0.1500,0.1500
9.141889,1.257921,0.1500,0.1500
9.087647,1.258310,0.1500,0.1500
9.033185,1.257527,0.1500,0.1500
8.978589,1.256623,0.1500,0.1500
8.923943,1.255667,0.1500,0.1500
8.869338,1.254731,0.1500,0.1500
8.814863,1.253890,0.1500,0.1500
8.761600,1.253221,0.1500,0.1500
8.708777,1.252806,0.1500,0.1500
8.656499,1.252727,0.1500,0.1500
8.604870,1.253070,0.1500,0.1500
8.554000,1.253925,0.1500,0.1500
8.504000,1.255383,0.1500,0.1500
8.454000,1.257539,0.1863,0.1500
8.404000,1.260491,0.2403,0.1500
8.354000,1.263353,0.2767,0.1500
8.304000,1.266112,0.3031,0.1500
8.254000,1.268869,0.3078,0.1500
8.204000,1.270852,0.3080,0.1500
8.154000,1.272161,0.3093,0.1500
8.104000,1.272889,0.3094,0.1500
8.054000,1.273128,0.3272,0.1500
8.004000,1.273837,0.3358,0.1500
7.954000,1.274991,0.3498,0.1500
7.904000,1.276564,0.4002,0.1500
7.854000,1.278532,0.4195,0.1500
7.804000,1.280867,0.4335,0.1500
7.754000,1.283547,0.4588,0.1500
7.704000,1.286543,0.4588,0.1500
7.654000,1.289832,0.4588,0.1500
7.604000,1.293388,0.4588,0.1500
7.554000,1.296316,0.4588,0.1500
7.504000,1.299571,0.4588,0.1500
7.454000,1.304110,0.4588,0.1500
7.404000,1.309037,0.4588,0.1500
7.354000,1.314327,0.4400,0.1500
7.304000,1.319954,0.4218,0.1500
7.254000,1.325894,0.4043,0.1500
7.204000,1.332120,0.3876,0.1500
7.154000,1.338608,0.3715,0.1500
7.104000,1.345331,0.3630,0.1500
7.054000,1.352265,0.3557,0.1500
7.004000,1.359384,0.3495,0.1500
6.954000,1.366662,0.3443,0.1500
6.904000,1.374075,0.3402,0.1500
6.854000,1.381596,0.3370,0.1500
6.804000,1.389200,0.3269,0.1500
6.754000,1.396863,0.3175,0.1500
6.704000,1.404558,0.2899,0.1500
6.654000,1.413244,0.2688,0.1500
6.604000,1.422030,0.2404,0.1500
6.554000,1.431761,0.2140,0.1500
6.504000,1.441435,0.1907,0.1500
6.454000,1.451902,0.1907,0.1500
6.404000,1.463029,0.1907,0.1500
6.354000,1.473819,0.1907,0.1500
6.304000,1.484257,0.1907,0.1500
6.254000,1.494330,0.1907,0.1500
6.204000,1.504023,0.1907,0.1500
6.154000,1.513322,0.1907,0.1500
6.104000,1.521342,0.2183,0.1500
6.054000,1.529052,0.2232,0.1500
6.004000,1.536434,0.2262,0.1500
5.954000,1.543472,0.2293,0.1500
5.904000,1.551133,0.2300,0.1500
5.854000,1.558532,0.2346,0.1500
5.804000,1.565656,0.2362,0.1565
5.754000,1.572491,0.2400,0.1650
5.704000,1.579022,0.2405,0.1741
5.654000,1.585235,0.2463,0.1840
5.604000,1.591117,0.2479,0.1947
5.554000,1.596652,0.2563,0.2061
5.504000,1.601828,0.2828,0.2086
5.454000,1.605759,0.2958,0.2086
5.404000,1.609413,0.3053,0.2086
5.354000,1.612774,0.3089,0.2086
5.304000,1.615824,0.3107,0.2086
5.254000,1.618546,0.3107,0.2086
5.204000,1.620924,0.3107,0.2086
5.154000,1.622940,0.3107,0.2086
5.104000,1.624578,0.3107,0.1983
5.054000,1.625820,0.3107,0.1879
5.004000,1.626650,0.3076,0.1628
4.954000,1.628035,0.3053,0.1626
4.904000,1.629092,0.2984,0.1500
4.854000,1.629805,0.2958,0.1500
4.804000,1.630161,0.2885,0.1500
4.754000,1.630145,0.2756,0.1500
4.704000,1.629744,0.2604,0.1500
4.654000,1.628943,0.2450,0.1500
4.604000,1.627729,0.2295,0.1500
4.554000,1.626087,0.1965,0.1500
4.504000,1.623132,0.1965,0.1500
4.454000,1.619833,0.1965,0.1500
4.404000,1.616173,0.1965,0.1500
4.354000,1.612134,0.1965,0.1500
4.304000,1.607699,0.1965,0.1500
4.254000,1.602853,0.1965,0.1500
4.204000,1.598561,0.1965,0.1500
4.154000,1.594925,0.2389,0.1500
4.104000,1.592048,0.2761,0.1500
4.054000,1.590035,0.3142,0.1500
4.004000,1.588996,0.3363,0.1500
3.954000,1.588056,0.3411,0.1500
3.904000,1.587214,0.3457,0.1500
3.854000,1.586467,0.3501,0.1500
3.804000,1.585812,0.3543,0.1500
3.754000,1.585245,0.3583,0.1500
3.704000,1.584765,0.3621,0.1500
3.654000,1.584368,0.3657,0.1500
3.604000,1.584051,0.3691,0.1500
3.554000,1.583812,0.3745,0.1500
3.504000,1.583762,0.3838,0.1500
3.454000,1.584013,0.3944,0.1500
3.404000,1.584562,0.4052,0.1500
3.354000,1.585407,0.4162,0.1500
3.304000,1.586543,0.4274,0.1500
3.254000,1.587969,0.4387,0.1500
3.204000,1.589682,0.4675,0.1500
3.154000,1.591678,0.4722,0.1500
3.104000,1.593956,0.4722,0.1500
3.054000,1.596511,0.4722,0.1500
3.004000,1.599342,0.4742,0.1500
2.954000,1.602446,0.4760,0.1500
2.904000,1.604949,0.4810,0.1500
2.854000,1.607830,0.4834,0.1500
2.804000,1.610215,0.4834,0.1500
2.754000,1.612207,0.4857,0.1500
2.704000,1.613912,0.4857,0.1500
2.654000,1.616298,0.4857,0.1500
2.604000,1.618483,0.4859,0.1500
2.554000,1.621432,0.4859,0.1500
2.504000,1.624146,0.4859,0.1500
2.454000,1.627474,0.4859,0.1500
2.404000,1.630411,0.4859,0.1500
2.354000,1.632822,0.4859,0.1500
2.304000,1.635551,0.4859,0.1500
2.254000,1.638571,0.4859,0.1500
2.204000,1.640989,0.4834,0.1500
2.154000,1.643760,0.4793,0.1500
2.104000,1.646855,0.4652,0.1500
2.054000,1.651231,0.4349,0.1500
2.004000,1.655993,0.4155,0.1500
1.954000,1.661115,0.3968,0.1500
1.904000,1.666572,0.3788,0.1500
1.854000,1.672338,0.3615,0.1500
1.804000,1.678388,0.3449,0.1500
1.754000,1.684696,0.3354,0.1500
1.704000,1.691237,0.3271,0.1500
1.654000,1.697986,0.3200,0.1500
1.604000,1.704917,0.3139,0.1500
1.554000,1.712005,0.3089,0.1500
1.504000,1.719224,0.2906,0.1500
1.454000,1.727419,0.2522,0.1500
1.404000,1.736567,0.2446,0.1500
1.354000,1.744909,0.2403,0.1500
1.304000,1.753407,0.2140,0.1500
1.254000,1.762907,0.1856,0.1500
1.204000,1.772405,0.1601,0.1500
1.154000,1.782753,0.1500,0.1500
1.104000,1.793819,0.1500,0.1500
1.054000,1.805473,0.1500,0.1500
1.004000,1.816721,0.1500,0.1500
0.954000,1.827551,0.1500,0.1500
0.904000,1.837951,0.1500,0.1500
0.854000,1.847911,0.1500,0.1500
0.804000,1.857419,0.1500,0.1500
0.754000,1.866464,0.1500,0.1500
0.704000,1.875035,0.1500,0.1500
0.654000,1.883119,0.1665,0.1500
0.604000,1.890707,0.1834,0.1500
0.554000,1.897786,0.1875,0.1500
0.504000,1.904346,0.1950,0.1500
0.454000,1.911359,0.1977,0.1500
0.404000,1.917947,0.2003,0.1500
0.354000,1.924101,0.2086,0.1500
0.304000,1.929814,0.2203,0.1587
0.254000,1.935076,0.2328,0.1761
0.204000,1.939879,0.2328,0.1988
0.154000,1.944215,0.2328,0.2214
0.104000,1.948075,0.2328,0.2395
0.054000,1.951451,0.2328,0.2642
0.004000,1.953463,0.2328,0.2642
-0.046000,1.955086,0.2328,0.2642
-0.096000,1.956308,0.2328,0.2642
-0.146000,1.957117,0.2288,0.2642
-0.196000,1.957503,0.2128,0.2642
-0.246000,1.957454,0.1957,0.2642
-0.296000,1.956958,0.1944,0.2642
-0.346000,1.956005,0.1783,0.2449
-0.396000,1.954584,0.1727,0.2246
-0.446000,1.952682,0.1602,0.1860
-0.496000,1.949418,0.1571,0.1709
-0.546000,1.946748,0.1500,0.1675
-0.596000,1.943790,0.1500,0.1562
-0.646000,1.940533,0.1500,0.1500
-0.696000,1.936965,0.1500,0.1500
-0.746000,1.933075,0.1500,0.1500
-0.796000,1.928851,0.1500,0.1500
-0.846000,1.924283,0.1500,0.1500
-0.896000,1.919360,0.1500,0.1500
-0.946000,1.914069,0.1500,0.1500
-0.996000,1.908399,0.1500,0.1500
-1.046000,1.901470,0.1500,0.1500
-1.096000,1.894251,0.1500,0.1500
-1.146000,1.887713,0.1500,0.1500
-1.196000,1.880975,0.1500,0.1500
-1.246000,1.875009,0.1539,0.1500
-1.296000,1.869922,0.2164,0.1500
-1.346000,1.865823,0.2378,0.1500
-1.396000,1.861837,0.2659,0.1500
-1.446000,1.858948,0.2950,0.1500
-1.496000,1.856285,0.3067,0.1500
-1.546000,1.853848,0.3181,0.1500
-1.596000,1.851636,0.3292,0.1500
-1.646000,1.849651,0.3402,0.1500
-1.696000,1.847891,0.3509,0.1500
-1.746000,1.846358,0.3614,0.1500
-1.796000,1.845050,0.3912,0.1500
-1.846000,1.844953,0.4216,0.1500
-1.896000,1.845199,0.4295,0.1500
-1.946000,1.845791,0.4303,0.1500
-1.996000,1.845862,0.4336,0.1500
-2.046000,1.846395,0.4470,0.1500
-2.096000,1.847392,0.4649,0.1500
-2.146000,1.848852,0.4649,0.1500
-2.196000,1.850776,0.4649,0.1500
-2.246000,1.853162,0.4649,0.1500
-2.296000,1.856012,0.4649,0.1500
-2.346000,1.859325,0.4649,0.1500
-2.396000,1.863101,0.4649,0.1500
-2.446000,1.867340,0.4649,0.1500
-2.496000,1.872042,0.4497,0.1500
-2.546000,1.877208,0.4457,0.1500
-2.596000,1.881852,0.4457,0.1500
-2.646000,1.886842,0.4457,0.1500
-2.696000,1.893160,0.4457,0.1500
-2.746000,1.899935,0.4457,0.1500
-2.796000,1.905313,0.4457,0.1500
-2.846000,1.911144,0.4457,0.1500
-2.896000,1.916435,0.4457,0.1500
-2.946000,1.921066,0.4555,0.1500
-2.996000,1.924910,0.4555,0.1500
-3.046000,1.928823,0.4555,0.1500
-3.096000,1.932791,0.4555,0.1500
-3.146000,1.936800,0.4555,0.1500
-3.196000,1.940836,0.4555,0.1500
-3.246000,1.944884,0.4555,0.1500
-3.296000,1.948931,0.4555,0.1500
-3.346000,1.952963,0.3982,0.1500
-3.396000,1.956965,0.3615,0.1500
-3.446000,1.960923,0.3499,0.1500
-3.496000,1.964823,0.2996,0.1500
-3.546000,1.968652,0.2976,0.1552
-3.596000,1.972394,0.2964,0.1627
-3.646000,1.976035,0.2963,0.1705
-3.696000,1.979563,0.2957,0.1788
-3.746000,1.982962,0.2957,0.1876
-3.796000,1.986218,0.2917,0.1968
-3.846000,1.989318,0.2610,0.2063
-3.896000,1.992247,0.2606,0.2081
-3.946000,1.994990,0.2322,0.2159
-3.996000,1.997535,0.2004,0.2163
-4.046000,2.000851,0.1840,0.2179
-4.096000,2.004057,0.1687,0.2240
-4.146000,2.007141,0.1500,0.2266
-4.196000,2.010093,0.1500,0.2324
-4.246000,2.012900,0.1500,0.2345
-4.296000,2.015552,0.1500,0.2345
-4.346000,2.018038,0.1500,0.2345
-4.396000,2.020346,0.1500,0.2345
-4.446000,2.022464,0.1500,0.2345
-4.496000,2.024382,0.1500,0.2345
-4.546000,2.027073,0.1500,0.2345
-4.596000,2.030528,0.1500,0.2345
-4.646000,2.033757,0.1500,0.2296
-4.696000,2.037624,0.1500,0.2119
-4.746870,2.042013,0.1500,0.2109
-4.798499,2.046809,0.1500,0.2109
-4.850777,2.051900,0.1500,0.2109
-4.903600,2.057178,0.1500,0.2109
-4.955993,2.062537,0.1500,0.2109
-5.008839,2.067873,0.1500,0.2109
-5.062036,2.073087,0.1500,0.2109
-5.115488,2.079065,0.1500,0.2109
-5.169099,2.084846,0.1500,0.2158
-5.222779,2.090341,0.1500,0.2330
-5.276438,2.095463,0.1500,0.2526
-5.329990,2.100129,0.1500,0.2747
-5.383351,2.104259,0.1500,0.2992
-5.436442,2.107775,0.1500,0.3259
-5.489184,2.110602,0.1500,0.3549
-5.541502,2.112668,0.1500,0.3863
-5.593326,2.113904,0.1500,0.4198
-5.644584,2.114244,0.1500,0.4514
-5.695212,2.113624,0.1500,0.4600
-5.745146,2.111983,0.1500,0.4702
-5.794324,2.109263,0.1500,0.4822
-5.842689,2.105410,0.1500,0.4961
-5.890186,2.100371,0.1500,0.4984
-5.936762,2.094097,0.1500,0.5010
-5.982369,2.086541,0.1500,0.5047
-6.026959,2.077659,0.1500,0.5079
-6.070489,2.068395,0.1500,0.5120
-6.112918,2.057843,0.1500,0.5179
-6.154207,2.045971,0.1500,0.5250
-6.194322,2.032750,0.1500,0.5334
-6.233230,2.018152,0.1500,0.5432
-6.270901,2.002154,0.1500,0.5541
-6.307309,1.984734,0.1500,0.5664
-6.342428,1.965873,0.1500,0.5797
-6.376240,1.945557,0.1500,0.5941
-6.408724,1.923773,0.1500,0.6057
-6.439865,1.900511,0.1500,0.6120
-6.469651,1.875763,0.1500,0.6187
-6.498072,1.849526,0.1500,0.6258
-6.525121,1.821798,0.1500,0.6289
-6.551663,1.792580,0.1500,0.6316
-6.576716,1.761878,0.1500,0.6344
-6.600283,1.730681,0.1500,0.6380
-6.622372,1.698133,0.1500,0.6380
-6.642993,1.664250,0.1500,0.6380
-6.662158,1.629050,0.1500,0.6380
-6.679883,1.592553,0.1500,0.6380
-6.696187,1.554785,0.1500,0.6380
-6.711090,1.515771,0.1500,0.6380
-6.724616,1.475542,0.1500,0.6380
-6.736793,1.434129,0.1500,0.6364
-6.747650,1.391569,0.1500,0.6138
-6.757219,1.347900,0.1500,0.5933
-6.765536,1.303161,0.1500,0.5750
-6.772638,1.257398,0.1500,0.5588
-6.778568,1.210656,0.1500,0.5376
-6.783368,1.162986,0.1500,0.5157
-6.787085,1.114438,0.1500,0.4962
-6.789769,1.065070,0.1500,0.4790
-6.791472,1.014937,0.1500,0.4640
-6.792248,0.964102,0.1500,0.4510
-6.792157,0.912627,0.1500,0.4298
-6.791258,0.860579,0.1500,0.4187
-6.790485,0.808027,0.1500,0.4089
-6.788923,0.755044,0.1500,0.3867
-6.786644,0.701703,0.1500,0.3675
-6.783723,0.648083,0.1500,0.3511
-6.780238,0.594265,0.1500,0.3373
-6.776268,0.540331,0.1500,0.3261
-6.771897,0.486367,0.1500,0.3261
-6.767212,0.432463,0.1500,0.3261
-6.762301,0.378711,0.1500,0.3261
-6.757257,0.325204,0.1500,0.3261
-6.752173,0.272041,0.1500,0.3261
-6.747147,0.219321,0.1500,0.3261
-6.742280,0.167149,0.1500,0.3261
-6.738544,0.115629,0.1500,0.3275
-6.735065,0.064870,0.1500,0.3326
-6.731952,0.014000,0.1500,0.3465
-6.730192,-0.036000,0.1500,0.3522
-6.728919,-0.086000,0.1500,0.3530
-6.727272,-0.136000,0.1500,0.3548
-6.725259,-0.186000,0.1500,0.3556
-6.722889,-0.236000,0.1500,0.3564
-6.721040,-0.286000,0.1500,0.3565
-6.719724,-0.336000,0.1500,0.3566
-6.718085,-0.386000,0.1500,0.3568
-6.716136,-0.436000,0.1500,0.3566
-6.713892,-0.486000,0.1500,0.3566
-6.712237,-0.536000,0.1500,0.3566
-6.710204,-0.586000,0.1500,0.3567
-6.708680,-0.636000,0.1500,0.3567
-6.706699,-0.686000,0.1500,0.3567
-6.705152,-0.736000,0.1500,0.3567
-6.703077,-0.786000,0.1735,0.3567
-6.701367,-0.836000,0.1930,0.3568
-6.699062,-0.886000,0.1930,0.3569
-6.697058,-0.936000,0.1998,0.3569
-6.694399,-0.986000,0.1998,0.3573
-6.691983,-1.036000,0.1999,0.3576
-6.689727,-1.086000,0.1999,0.3587
-6.686681,-1.136000,0.1999,0.3599
-6.683747,-1.186000,0.1999,0.3600
-6.680849,-1.236000,0.1998,0.3604
-6.677912,-1.286000,0.1988,0.3637
-6.673993,-1.336000,0.1930,0.3637
-6.670006,-1.386000,0.1928,0.3637
-6.665010,-1.436000,0.1905,0.3637
-6.659921,-1.486000,0.1900,0.3637
-6.654673,-1.536000,0.1803,0.3637
-6.648332,-1.586000,0.1802,0.3637
-6.641819,-1.636000,0.1704,0.3637
-6.635074,-1.686000,0.1523,0.3625
-6.628037,-1.736000,0.1503,0.3594
-6.619785,-1.786000,0.1500,0.3521
-6.611247,-1.836000,0.1500,0.3494
-6.602370,-1.886000,0.1500,0.3467
-6.593104,-1.936000,0.1500,0.3440
-6.583404,-1.986000,0.1500,0.3414
-6.573226,-2.036000,0.1500,0.3391
-6.562529,-2.086000,0.1500,0.3354
-6.550289,-2.136000,0.1500,0.3354
-6.537339,-2.186000,0.1500,0.3354
-6.523644,-2.236000,0.1500,0.3354
-6.509171,-2.286870,0.1500,0.3354
-6.493891,-2.337629,0.1500,0.3354
-6.477777,-2.388279,0.1500,0.3354
-6.460804,-2.438823,0.1500,0.3354
-6.442952,-2.489263,0.1500,0.3359
-6.424201,-2.540474,0.1500,0.3392
-6.404538,-2.591476,0.1500,0.3397
-6.383948,-2.642274,0.1500,0.3397
-6.362423,-2.692875,0.1500,0.3397
-6.339954,-2.743284,0.1500,0.3397
-6.316539,-2.794376,0.1500,0.3397
-6.292174,-2.845176,0.1500,0.3397
-6.266863,-2.895692,0.1500,0.3419
-6.240608,-2.945933,0.1500,0.3419
-6.213417,-2.996778,0.1500,0.3397
-6.185301,-3.047252,0.1500,0.3395
-6.156271,-3.097367,0.1500,0.3384
-6.126343,-3.147135,0.1500,0.3381
-6.095535,-3.197438,0.1500,0.3375
-6.063870,-3.247303,0.1500,0.3375
-6.030385,-3.296747,0.1500,0.3354
-5.995976,-3.345783,0.1500,0.3312
-5.960669,-3.394424,0.1500,0.3289
-5.924494,-3.443556,0.1500,0.3282
-5.887484,-3.492210,0.1500,0.3274
-5.849672,-3.540405,0.1500,0.3268
-5.811099,-3.588155,0.1500,0.3262
-5.771804,-3.635480,0.1500,0.3262
-5.731832,-3.683265,0.1500,0.3258
-5.691229,-3.730546,0.1500,0.3224
-5.650044,-3.777342,0.1500,0.3150
-5.608330,-3.823674,0.1500,0.3113
-5.566142,-3.870431,0.1500,0.3057
-5.522553,-3.916652,0.1500,0.2981
-5.478491,-3.962358,0.1559,0.2957
-5.434017,-4.008444,0.1709,0.2924
-5.388210,-4.053949,0.1880,0.2880
-5.342004,-4.098899,0.2073,0.2873
-5.295465,-4.144189,0.2337,0.2873
-5.248662,-4.188864,0.2384,0.2873
-5.201667,-4.232952,0.2446,0.2873
-5.153571,-4.277350,0.2658,0.2873
-5.105319,-4.321106,0.2746,0.2873
-5.056987,-4.364250,0.3076,0.2873
-5.008657,-4.407684,0.3148,0.2873
-4.960413,-4.450458,0.3217,0.2907
-4.911355,-4.492604,0.3217,0.2923
-4.862439,-4.535028,0.3232,0.2949
-4.812771,-4.576780,0.3266,0.2949
-4.763310,-4.617899,0.3278,0.2949
-4.713162,-4.659290,0.3278,0.2949
-4.663290,-4.700880,0.3278,0.2949
-4.612804,-4.741725,0.3266,0.2949
-4.562668,-4.781868,0.3270,0.2949
-4.511996,-4.822223,0.3270,0.2949
-4.461754,-4.861848,0.3278,0.2944
-4.411059,-4.900790,0.3278,0.2850
-4.359897,-4.939964,0.3278,0.2792
-4.309238,-4.978433,0.3300,0.2675
-4.258200,-5.017116,0.3393,0.2544
-4.206773,-5.055078,0.3415,0.2310
-4.154945,-5.092371,0.3417,0.2173
-4.103688,-5.129046,0.3433,0.2158
-4.052126,-5.166023,0.3440,0.2151
-4.001233,-5.202372,0.3460,0.2132
-3.950134,-5.238146,0.3474,0.2120
-3.898823,-5.274269,0.3478,0.2116
-3.848279,-5.310684,0.3483,0.2109
-3.797629,-5.346464,0.3488,0.2107
-3.746870,-5.382539,0.3488,0.2105
-3.696000,-5.418858,0.3488,0.2103
-3.646000,-5.454501,0.3488,0.2083
-3.596000,-5.490402,0.3483,0.2083
-3.546000,-5.525645,0.3478,0.2083
-3.496000,-5.561168,0.3474,0.2074
-3.446000,-5.596927,0.3460,0.2073
-3.396000,-5.632011,0.3269,0.2057
-3.346000,-5.667364,0.3233,0.2038
-3.296000,-5.702077,0.3225,0.2019
-3.246000,-5.737096,0.3147,0.2007
-3.196000,-5.771517,0.3117,0.1952
-3.146000,-5.805304,0.3080,0.1899
-3.096000,-5.838422,0.3041,0.1831
-3.045130,-5.870949,0.2949,0.1682
-2.994371,-5.902965,0.2872,0.1500
-2.942851,-5.934549,0.2869,0.1500
-2.891549,-5.964796,0.2855,0.1500
-2.840458,-5.994651,0.2828,0.1500
-2.789573,-6.024191,0.2809,0.1500
-2.738889,-6.053493,0.2780,0.1500
-2.688400,-6.083503,0.2763,0.1500
-2.638100,-6.112330,0.2678,0.1500
-2.587984,-6.141791,0.2642,0.1500
-2.538046,-6.171852,0.2516,0.1500
-2.488279,-6.202479,0.2477,0.1500
-2.438680,-6.232659,0.2463,0.1500
-2.389241,-6.263231,0.2453,0.1500
-2.339958,-6.293299,0.2441,0.1500
-2.290825,-6.323821,0.2431,0.1500
-2.241835,-6.353788,0.2401,0.1500
-2.192984,-6.384046,0.2032,0.1500
-2.144266,-6.414574,0.1935,0.1500
-2.095674,-6.445354,0.1691,0.1500
-2.047205,-6.476369,0.1685,0.1500
-1.998851,-6.505754,0.1573,0.1500
-1.950607,-6.535346,0.1500,0.1500
-1.902467,-6.565134,0.1500,0.1500
-1.854427,-6.595106,0.1500,0.1500
-1.806479,-6.625257,0.1500,0.1500
-1.758620,-6.654598,0.1500,0.1500
-1.710842,-6.683994,0.1500,0.1500
-1.663140,-6.714314,0.1500,0.1500
-1.615509,-6.744577,0.1500,0.1500
-1.567943,-6.774677,0.1500,0.1500
-1.520436,-6.804509,0.1500,0.1500
-1.472983,-6.833216,0.1500,0.1500
-1.425578,-6.860810,0.1500,0.1500
-1.378215,-6.888174,0.1500,0.1500
-1.330889,-6.915324,0.1500,0.1500
-1.283594,-6.940423,0.1500,0.1500
-1.236325,-6.965341,0.1500,0.1500
-1.189075,-6.990098,0.1500,0.1500
-1.141839,-7.012858,0.1500,0.1500
-1.094612,-7.035497,0.1500,0.1500
-1.047388,-7.058034,0.1500,0.1500
-1.000161,-7.079508,0.1500,0.1500
-0.952925,-7.100816,0.1500,0.1500
-0.905675,-7.121112,0.1500,0.1500
-0.858406,-7.140424,0.1500,0.1500
-0.811111,-7.159648,0.1500,0.1500
-0.763785,-7.178815,0.1500,0.1500
-0.716422,-7.196972,0.1500,0.1500
-0.669017,-7.214038,0.1500,0.1500
-0.621564,-7.230045,0.1500,0.1500
-0.574057,-7.246009,0.1500,0.1500
-0.526491,-7.260983,0.1500,0.1500
-0.478860,-7.275870,0.1500,0.1500
-0.431158,-7.290710,0.1500,0.1500
-0.383380,-7.303688,0.1500,0.1500
-0.335521,-7.316697,0.1500,0.1518
-0.287573,-7.328795,0.1500,0.1519
-0.239533,-7.340891,0.1500,0.1519
-0.191393,-7.353030,0.1500,0.1519
-0.143149,-7.365258,0.1500,0.1519
-0.094795,-7.376640,0.1500,0.1519
-0.046326,-7.388096,0.1500,0.1519
0.002266,-7.398808,0.1500,0.1519
0.050984,-7.408828,0.1500,0.1519
0.099835,-7.418093,0.1500,0.1518
0.148825,-7.427528,0.1500,0.1510
0.197958,-7.435330,0.1500,0.1500
0.247241,-7.442424,0.1500,0.1500
0.296680,-7.449732,0.1500,0.1500
0.346279,-7.456323,0.1500,0.1500
0.396046,-7.463124,0.1500,0.1500
0.445984,-7.469207,0.1500,0.1500
0.496100,-7.473647,0.1500,0.1500
0.546400,-7.478352,0.1500,0.1500
0.596889,-7.482396,0.1500,0.1500
0.647573,-7.486708,0.1500,0.1500
0.698458,-7.490363,0.1500,0.1500
0.749549,-7.494292,0.1500,0.1500
0.800851,-7.497574,0.1500,0.1500
0.852371,-7.501143,0.1500,0.1500
0.903130,-7.505066,0.1500,0.1500
0.954000,-7.509411,0.1500,0.1500
1.004000,-7.514251,0.1500,0.1500
1.054000,-7.519660,0.1877,0.1500
1.104000,-7.525716,0.2167,0.1500
1.154000,-7.532499,0.2854,0.1500
1.204000,-7.540093,0.3057,0.1500
1.254000,-7.547600,0.3363,0.1500
1.304000,-7.555976,0.3501,0.1500
1.354000,-7.564325,0.3516,0.1500
1.404000,-7.572621,0.3680,0.1500
1.454000,-7.580840,0.3724,0.1500
1.504000,-7.588956,0.3753,0.1500
1.554000,-7.596943,0.3753,0.1500
1.604000,-7.604890,0.3753,0.1500
1.654000,-7.612888,0.3753,0.1500
1.704000,-7.620909,0.3753,0.1500
1.754000,-7.628928,0.3753,0.1500
1.804000,-7.636921,0.3724,0.1500
1.854000,-7.644862,0.3680,0.1500
1.904000,-7.652725,0.3773,0.1500
1.954000,-7.661469,0.3778,0.1500
2.004000,-7.670202,0.3643,0.1500
2.054000,-7.678902,0.3591,0.1500
2.104000,-7.687544,0.3576,0.1500
2.154000,-7.696108,0.3554,0.1500
2.204000,-7.704570,0.3523,0.1500
2.254000,-7.712908,0.3500,0.1500
2.304000,-7.720114,0.3484,0.1500
2.354000,-7.727034,0.3484,0.1500
2.404000,-7.732657,0.3403,0.1500
2.454000,-7.737825,0.3386,0.1500
2.504000,-7.743495,0.3375,0.1500
2.554000,-7.748771,0.3256,0.1500
2.604000,-7.753627,0.3137,0.1500
2.654000,-7.758039,0.3137,0.1500
2.704000,-7.762965,0.3137,0.1550
2.754000,-7.766643,0.3137,0.1602
2.804000,-7.770031,0.3137,0.1643
2.854000,-7.774088,0.3137,0.1650
2.904000,-7.777923,0.3137,0.1668
2.954000,-7.781511,0.3137,0.1680
3.004000,-7.784832,0.3167,0.1705
3.054000,-7.787861,0.3258,0.1720
3.104000,-7.791562,0.3264,0.1726
3.154000,-7.795044,0.3332,0.1744
3.204000,-7.798287,0.3348,0.1745
3.254000,-7.801271,0.3444,0.1749
3.304000,-7.803978,0.3467,0.1749
3.354000,-7.806386,0.3476,0.1749
3.404000,-7.809462,0.3481,0.1749
3.454000,-7.812317,0.3481,0.1749
3.504000,-7.814935,0.3544,0.1750
3.554000,-7.817298,0.3544,0.1752
3.604000,-7.819391,0.3526,0.1752
3.654000,-7.822180,0.3526,0.1752
3.704000,-7.824781,0.3544,0.1757
3.754000,-7.827180,0.3544,0.1763
3.804000,-7.829363,0.3533,0.1779
3.854000,-7.831316,0.3533,0.1793
3.904000,-7.833025,0.3533,0.1793
3.954000,-7.834475,0.3544,0.1793
4.004000,-7.835653,0.3561,0.1793
4.054000,-7.837528,0.3561,0.1793
4.104000,-7.839220,0.3567,0.1793
4.154000,-7.840717,0.3599,0.1793
4.204000,-7.842008,0.3604,0.1793
4.254000,-7.844066,0.3688,0.1751
4.304000,-7.846013,0.3688,0.1747
4.354000,-7.848709,0.3688,0.1697
4.404000,-7.851166,0.3688,0.1694
4.454000,-7.853377,0.3688,0.1694
4.504000,-7.855336,0.3688,0.1666
4.554000,-7.858023,0.3688,0.1650
4.604000,-7.860565,0.3688,0.1632
4.654000,-7.862958,0.3646,0.1610
